公司代號,公司名稱,營業收入(百萬元),毛利率(%)(營業毛利)/(營業收入),營業利益率(%)(營業利益)/(營業收入),稅前純益率(%)(稅前純益)/(營業收入),稅後純益率(%)(稅後純益)/(營業收入),合計：共 902 家
1101,台泥,124594.60,26.96,22.62,24.52,18.17,
1102,亞泥,82741.00,25.59,21.94,24.62,17.99,
1103,嘉泥,2092.41,13.79,-4.95,20.45,36.76,
1104,環球水泥,4780.99,11.94,3.82,23.59,21.99,
1108,幸福水泥,3330.60,1.40,-4.66,-5.75,-6.05,
1109,信大水泥,6701.13,32.59,26.19,26.25,18.71,
1110,東泥,1676.19,8.62,2.42,4.25,3.91,
1201,味全公司,19436.76,31.07,2.64,5.11,4.47,
1203,味王公司,6081.03,32.40,16.06,16.77,11.58,
1210,大成長城,72442.93,13.93,3.14,4.18,3.33,
1213,大飲,594.24,5.67,-5.38,-11.49,-10.50,
1215,卜蜂企業,21235.09,13.46,6.05,6.16,4.69,
1216,統一,431445.52,33.67,6.25,8.18,6.25,
1217,愛之味,4321.82,31.94,1.55,1.35,1.45,
1218,泰山企業,7901.67,18.12,1.14,6.22,5.88,
1219,福壽實業,11709.98,6.75,-0.71,-0.72,-0.82,
1220,台榮,2747.26,12.28,4.02,4.89,4.10,
1225,福懋油,11243.51,8.09,3.04,3.37,2.67,
1227,佳格,27340.59,30.19,11.52,13.45,10.86,
1229,聯華實業,5097.82,16.32,5.89,48.47,48.52,
1231,聯華食品,8116.88,21.91,7.64,8.35,6.67,
1232,大統益,16948.75,10.96,6.56,6.82,5.47,
1233,天仁,2193.12,57.28,7.50,9.92,7.97,
1234,黑松,8901.63,23.79,2.51,9.02,7.82,
1235,興泰,57.65,46.42,9.82,183.14,183.81,
1236,宏亞食品,1972.59,26.71,0.34,0.91,0.67,
1256,鮮活果汁-KY,3221.24,35.52,18.76,19.40,13.71,
1262,綠悅-KY,3859.45,-0.57,-10.43,-13.39,-11.51,
1301,台塑,230370.03,16.19,11.00,24.78,21.51,
1303,南亞塑膠,333061.56,14.73,8.83,18.47,15.81,
1304,台聚,60892.51,9.52,3.17,4.14,3.08,
1305,華夏,15192.62,17.79,10.35,10.89,8.93,
1307,三芳化工,9492.26,20.31,4.01,4.04,3.19,
1308,亞聚,6375.13,4.46,1.13,4.97,4.50,
1309,台達化工,21683.70,4.81,1.28,1.53,0.96,
1310,台苯,15382.65,12.85,9.98,10.06,7.72,
1312,國喬石化,24741.14,16.39,11.07,16.40,12.73,
1313,聯成,61258.50,5.07,1.76,1.55,1.23,
1314,中石化,38503.12,13.44,7.99,12.15,11.12,
1315,達新工業,2543.34,15.02,-0.35,9.56,9.04,
1316,上曜,1522.29,29.33,7.61,16.70,15.22,
1319,東陽,23006.58,22.87,8.04,10.50,8.40,
1321,大洋,4777.35,3.91,-3.25,-1.04,-1.50,
1323,永裕,3759.20,23.80,12.58,13.45,9.63,
1324,地球工業,1137.47,15.67,0.14,0.73,0.11,
1325,恒大,914.45,11.11,5.34,8.02,6.55,
1326,台化,407859.77,13.13,9.40,15.62,13.59,
1337,再生-KY,1464.80,-53.00,-124.27,-128.27,-128.92,
1338,廣華-KY,8062.42,24.49,8.65,8.42,6.13,
1339,昭輝,2854.73,26.16,13.55,13.11,9.97,
1340,勝悅-KY,2071.99,16.86,6.14,8.34,6.50,
1341,富林-KY,2902.09,17.26,7.51,7.09,5.20,
1402,遠東新,228661.93,19.42,6.47,9.21,8.04,
1410,南染,505.98,38.54,23.59,26.99,22.01,
1413,宏洲纖維,3651.04,7.76,5.44,5.64,6.64,
1414,東和,974.92,8.67,0.65,3.48,3.95,
1416,廣豐,271.00,70.14,-58.96,88.83,92.27,
1417,嘉裕,1499.66,16.41,-25.81,-14.46,-15.57,
1418,東華,653.06,-17.17,-30.97,-33.35,-33.37,
1419,新紡,1605.98,25.53,-1.48,17.40,17.37,
1423,利華羊毛,761.09,10.16,4.48,14.46,13.49,
1432,大魯閣實業,1020.87,71.89,-22.33,-21.19,-21.32,
1434,福懋興業,44545.05,11.86,5.52,14.10,11.94,
1435,中福國際,30.14,94.39,-25.49,-40.56,-40.76,
1436,華友聯,2621.47,27.04,17.54,15.26,13.63,
1437,勤益投控,583.07,70.17,52.94,51.68,42.81,
1438,裕豐,0.02,-211.76,-48211.76,-69876.47,-69876.47,
1439,中和羊毛,264.02,3.21,-26.31,-27.02,-26.06,
1440,南紡,24946.09,10.96,2.74,5.22,4.26,
1441,大東紡織,1624.25,-2.73,-16.29,60.71,55.70,
1442,名軒,944.58,29.17,13.94,15.05,12.79,
1443,立益紡織,1128.16,-1.24,-17.94,-52.28,-54.15,
1444,力麗,12882.07,7.04,1.41,3.79,2.87,
1445,大宇紡織,1572.27,5.18,-3.02,-2.26,-1.54,
1446,宏和,447.13,5.61,-17.15,-12.55,-6.40,
1447,力鵬,17599.27,1.91,-2.05,0.97,1.06,
1449,佳和實業,2459.08,5.62,-10.02,-6.76,-6.71,
1451,年興紡織,8799.52,9.79,3.22,6.32,4.56,
1452,宏益,2130.85,14.61,8.74,11.04,9.15,
1453,大將,28.28,-1.69,-144.68,1187.75,1185.55,
1454,台富,1947.91,7.47,0.06,0.68,1.04,
1455,集盛,15832.05,3.01,-0.16,0.68,0.57,
1456,怡華,474.36,21.95,18.63,4.57,2.60,
1457,宜進,5646.98,12.36,7.29,13.10,12.48,
1459,聯發紡織,3519.25,0.18,-4.58,-10.51,-10.63,
1460,宏遠,9405.38,17.97,2.53,2.94,1.67,
1463,強盛染整,972.88,36.22,23.54,33.78,31.66,
1464,得力實業,9132.40,16.03,3.40,3.47,2.78,
1465,偉全實業,697.15,12.99,0.34,4.07,-7.86,
1466,聚隆,4106.56,3.38,-2.44,-2.77,-2.54,
1467,南緯實業,7417.89,17.72,-0.85,0.68,-0.59,
1468,昶和纖維,921.04,15.08,-2.83,4.42,4.42,
1470,大統新創,754.46,22.28,7.08,8.12,6.48,
1471,首利,1282.30,-6.58,-25.93,-25.63,-25.30,
1472,三洋紡,599.25,0.50,-11.44,-11.72,-11.34,
1473,台南企業,8326.36,12.82,0.06,1.32,0.78,
1474,弘裕,3617.56,11.42,2.62,4.00,2.89,
1475,本盟光電,53.35,-100.35,-137.32,-95.37,-95.67,
1476,儒鴻,27578.21,28.82,19.24,19.85,15.88,
1477,聚陽實業,23929.64,19.82,8.26,8.16,6.36,
1503,士電,24983.82,18.43,6.55,8.59,5.89,
1504,東元電機,50104.93,24.05,7.03,8.55,6.94,
1506,正道,1203.12,5.42,-17.23,-12.69,-11.21,
1507,永大機電,14858.63,23.12,6.57,7.10,4.92,
1512,瑞利,3088.23,6.10,-3.94,-6.12,-6.37,
1513,中興電,12236.00,15.87,4.75,5.29,4.59,
1514,亞力電機,4276.44,15.58,3.97,5.72,4.92,
1515,力山,6185.51,19.95,8.79,9.30,6.45,
1516,川飛,908.25,3.26,1.88,1.78,1.78,
1517,利奇機械,2995.95,9.14,-5.05,3.58,3.07,
1519,華城電機,5996.56,10.41,0.22,1.25,0.89,
1521,大億,5703.81,14.57,4.86,6.50,5.60,
1522,堤維西,16621.90,22.16,3.72,4.11,3.65,
1524,耿鼎企業,2416.23,20.97,9.71,10.27,8.07,
1525,江申工業,1337.76,10.16,2.66,40.29,33.88,
1526,日馳,1270.72,25.70,10.84,13.90,10.71,
1527,鑽全,3733.32,29.94,19.42,33.08,27.64,
1528,恩德,4905.23,26.35,1.75,1.32,0.82,
1529,樂士,412.57,18.53,9.35,11.61,11.38,
1530,亞崴機電,4872.54,18.34,6.99,8.32,6.84,
1531,高林股,2661.04,20.72,6.93,9.89,4.71,
1532,勤美,18085.54,27.75,13.60,13.31,13.17,
1533,車王電,2887.95,32.66,7.74,10.76,7.25,
1535,中宇,10813.58,4.47,0.26,1.31,0.91,
1536,和大工業,7153.04,31.50,18.68,19.85,17.34,
1537,廣隆光電,8489.87,21.57,14.64,15.69,11.58,
1538,正峰新,423.33,13.96,-22.24,-23.48,-23.48,
1539,巨庭機械,2594.40,9.69,4.51,6.08,12.77,
1540,喬福機械,631.22,24.97,13.97,25.29,21.59,
1541,錩泰,3590.79,13.35,1.33,2.77,2.19,
1558,伸興,6669.96,25.31,15.62,19.22,14.11,
1560,中砂,5133.47,29.48,15.02,17.02,13.63,
1568,倉佑,2500.81,13.60,4.12,4.74,3.79,
1582,信錦,8808.89,23.09,13.02,15.50,10.10,
1583,程泰,8382.45,23.58,9.48,11.24,9.14,
1587,吉茂,1460.99,22.32,3.18,4.59,2.65,
1589,永冠-KY,6195.86,13.41,-3.95,-3.74,-4.42,
1590,亞德客-KY,15600.74,48.29,26.66,24.41,18.20,
1592,英瑞-KY,4227.48,24.76,-6.18,-9.19,-8.31,
1598,岱宇國際,5557.15,27.49,1.53,2.64,2.29,
1603,華電,2506.09,10.01,5.19,6.54,5.21,
1604,聲寶,7076.54,15.43,1.92,10.78,9.68,
1605,華新,190915.14,8.35,5.78,8.73,6.26,
1608,華榮,8560.09,3.82,1.83,-6.38,-6.55,
1609,大亞電線,18577.21,6.89,1.84,3.72,3.08,
1611,中電,2351.60,22.95,-4.76,1.07,1.46,
1612,宏泰,3872.83,9.48,4.66,4.06,3.16,
1614,三洋電,4966.29,19.65,5.03,5.06,4.11,
1615,大山,3369.06,10.17,6.75,7.04,5.84,
1616,億泰,3062.76,7.03,0.77,0.84,0.34,
1617,榮星電線,3614.44,13.26,5.41,7.27,5.99,
1618,合機公司,2119.66,4.91,0.43,0.80,-0.49,
1626,艾美特-KY,10614.94,17.05,0.64,0.68,-0.17,
1701,中化,7580.24,37.80,4.44,5.94,4.84,
1702,南僑投控,18287.35,33.24,9.13,8.29,5.81,
1707,葡萄王,9183.32,79.81,25.59,26.42,20.58,
1708,東鹼,4068.62,25.60,12.74,10.39,8.65,
1709,和益化工,9785.39,12.79,5.03,5.35,3.98,
1710,東聯,32115.82,13.39,10.27,9.90,7.43,
1711,永光化學,9621.02,22.51,5.27,5.40,4.24,
1712,興農,18134.09,27.05,5.19,4.92,4.05,
1713,國化,671.61,11.18,2.90,17.39,17.19,
1714,和桐化學,30394.03,7.55,2.46,2.21,1.44,
1717,長興材料,43300.16,16.81,4.19,4.30,3.45,
1720,生達化學,3573.09,43.23,10.87,14.48,11.98,
1721,三晃,3451.77,7.27,-1.05,0.34,0.43,
1722,台肥,12215.09,22.53,10.53,24.15,18.68,
1723,中碳,8559.74,25.19,20.75,22.03,17.71,
1724,台硝,2010.82,12.43,4.89,5.38,4.83,
1725,元禎,9713.05,4.32,2.09,2.71,2.24,
1726,永記造漆,8041.88,23.86,9.25,11.01,9.28,
1727,中華化學,2647.90,12.96,4.23,4.87,3.76,
1730,花仙子,2984.89,43.35,12.12,14.00,10.68,
1731,美吾華,1123.40,57.36,12.25,9.90,6.74,
1732,毛寶,562.85,42.11,1.83,1.79,1.23,
1733,五鼎,2043.61,27.41,11.12,7.90,4.58,
1734,杏輝藥品,2215.84,37.25,-5.38,-3.96,-5.55,
1735,日勝化,3675.77,12.04,2.01,1.47,0.28,
1736,喬山健康,21757.06,46.13,0.24,1.35,1.79,
1737,臺鹽,3001.46,40.02,13.94,17.71,15.08,
1760,寶齡富錦,1408.74,56.30,15.09,17.35,11.30,
1762,中化合成,1019.45,34.48,3.04,23.57,22.98,
1773,勝一化工,8034.15,24.87,13.09,14.39,11.58,
1776,展宇,1918.69,11.28,-0.74,-0.57,-1.28,
1783,和康生技,427.68,42.69,10.80,13.40,13.34,
1786,科妍,329.58,65.82,24.47,28.25,26.36,
1789,台灣神隆,3524.26,43.77,15.84,13.92,12.57,
1802,台玻,46091.49,15.92,5.04,3.37,2.24,
1805,寶徠,79.88,15.86,-110.34,-117.09,-117.09,
1806,冠軍,5026.38,22.06,-8.04,-11.19,-11.39,
1808,潤隆,13845.01,25.34,19.08,18.24,15.79,
1809,中釉,2477.48,19.23,-0.94,-0.41,-0.77,
1810,和成,5466.17,23.85,0.04,-0.03,-1.41,
1817,凱撒衛浴,2293.11,32.78,15.19,15.58,11.08,
1902,台紙,3281.45,20.44,8.77,17.64,13.62,
1903,士紙,218.53,21.43,-78.67,-76.09,-76.33,
1904,正隆,41181.51,20.70,6.94,12.13,9.93,
1905,華紙,24025.22,9.74,2.45,2.77,2.20,
1906,寶隆國際,1980.85,2.33,0.81,26.52,25.35,
1907,永豐餘,76439.68,15.29,3.09,3.83,2.56,
1909,榮成紙業,52313.60,13.85,5.08,2.90,1.74,
2002,中鋼,400665.06,12.19,8.38,7.97,6.96,
2006,東和鋼鐵,39769.62,8.36,3.21,3.16,2.24,
2007,燁興公司,8741.76,4.48,1.60,0.23,0.12,
2008,高興昌,1413.11,-1.52,-11.62,-9.91,-12.48,
2009,第一伸銅,3108.70,1.41,-0.39,2.42,2.74,
2010,春源鋼鐵,18510.59,5.48,1.17,1.69,1.32,
2012,春雨,9839.60,17.22,7.08,6.51,5.75,
2013,中鋼構,20360.93,1.75,0.13,0.49,0.58,
2014,中鴻,48238.89,9.09,5.96,6.29,6.29,
2015,豐興鋼鐵,30865.65,13.51,10.81,11.78,9.53,
2017,官田鋼,4991.10,10.80,2.25,2.68,2.96,
2020,美亞鋼管,4735.68,8.96,3.93,7.53,6.58,
2022,聚亨,11117.14,5.54,0.61,1.51,0.07,
2023,燁輝,73856.19,8.00,1.97,0.48,0.36,
2024,志聯工業,1447.93,12.63,7.00,6.49,5.17,
2025,千興,2838.21,-1.36,-3.00,-18.13,-18.11,
2027,大成鋼,83710.51,21.75,11.06,10.77,7.96,
2028,威致鋼鐵,11116.12,6.47,4.96,4.55,4.63,
2029,盛餘,11282.05,6.27,1.15,1.30,0.86,
2030,彰源,13404.36,13.34,7.03,5.92,4.06,
2031,新光鋼,8836.32,9.86,6.46,12.93,11.32,
2032,新鋼工業,3067.40,3.96,0.81,0.65,0.53,
2033,佳大世界,816.82,11.56,1.39,1.89,1.46,
2034,允強,19129.64,10.56,5.91,6.00,4.76,
2038,海光企業,8142.09,-2.16,-4.00,-3.44,-2.50,
2049,上銀科技,29333.13,39.65,21.88,20.78,16.67,
2059,川湖,4435.61,52.45,39.19,48.96,40.04,
2062,橋椿,6736.38,12.33,0.79,2.42,1.63,
2069,運錩,8553.61,5.86,0.60,11.63,10.18,
2101,南港輪胎,10445.26,15.63,4.07,3.26,1.76,
2102,泰豐輪胎,5008.11,6.93,-18.19,-27.42,-24.47,
2103,台橡,29751.22,11.73,4.38,5.48,4.15,
2104,國際中橡,24431.72,26.92,18.95,18.70,13.31,
2105,正新,109221.21,22.27,6.79,5.41,3.27,
2106,建大,31526.21,17.94,1.81,3.68,2.19,
2107,厚生,1373.82,24.06,7.37,18.96,15.71,
2108,南帝化工,13809.83,23.57,14.05,15.42,11.53,
2109,華豐橡膠,5256.33,17.68,0.87,-2.21,-2.91,
2114,鑫永銓,1843.88,34.73,26.23,26.41,21.41,
2115,六暉-KY,2628.78,21.34,10.25,11.30,7.93,
2201,裕隆汽車,88115.70,21.52,2.29,6.11,4.37,
2204,中華汽車,34869.51,17.75,5.44,12.36,11.16,
2206,三陽工業,31350.74,16.90,-0.32,3.73,2.31,
2208,台船公司,13012.33,-19.93,-26.26,-25.66,-23.82,
2227,裕隆日產,31257.73,17.04,4.28,24.56,18.84,
2228,劍麟,4223.94,27.51,12.48,16.69,11.89,
2231,為升,4023.65,48.39,30.86,31.85,25.84,
2236,百達-KY,2191.73,27.78,10.01,10.20,7.49,
2239,英利-KY,21855.39,19.41,8.93,7.97,6.64,
2243,宏旭-KY,2061.36,12.26,1.10,-1.38,-1.66,
2301,光寶科技,207109.09,13.09,3.61,5.21,3.85,
2302,麗正,520.37,33.97,2.69,5.32,5.31,
2303,聯電,151252.57,15.10,3.83,1.44,1.75,
2305,全友電腦,584.89,33.44,-21.99,2.98,-2.18,
2308,台達電,237017.81,26.81,7.66,9.62,7.87,
2312,金寶電子,132832.64,6.44,1.34,1.14,0.74,
2313,華通,50828.10,14.22,9.09,7.71,4.72,
2314,台揚科技,7969.16,13.38,0.69,1.02,0.65,
2316,楠梓電,5523.82,7.39,-1.49,8.47,5.44,
2317,鴻海,5293803.02,6.27,2.57,3.22,2.45,
2321,東訊,2428.66,10.05,-4.08,-2.11,-2.29,
2323,中環,8707.38,7.15,-7.10,5.81,4.86,
2324,仁寶電腦,967706.41,3.16,0.96,1.22,0.99,
2327,國巨,77155.61,63.31,47.84,51.71,43.86,
2328,廣宇,27160.52,8.66,4.46,6.48,4.97,
2329,華泰電子,15188.19,3.50,-2.67,-2.39,-0.73,
2330,台積電,1031473.56,48.27,37.19,38.54,34.05,
2331,精英,31796.02,7.92,-1.02,0.09,0.07,
2332,友訊科技,19383.20,28.90,1.28,1.53,0.75,
2337,旺宏,36953.03,37.69,17.62,25.07,24.34,
2338,光罩,2885.98,21.80,8.99,7.06,5.05,
2340,光磊,5364.61,30.23,13.76,14.54,12.17,
2342,茂矽,1852.56,19.17,6.81,10.01,9.91,
2344,華邦電,51190.32,37.41,15.48,16.40,15.10,
2345,智邦科技,43092.16,18.05,8.06,8.58,6.85,
2347,聯強國際,383194.94,3.78,1.41,2.08,1.80,
2348,海悅,1129.96,58.96,40.01,41.79,40.73,
2349,錸德科技,9358.66,5.85,-11.02,-11.25,-13.19,
2351,順德,10416.50,18.54,10.55,10.95,8.53,
2352,佳世達,155783.16,12.35,2.94,3.60,2.86,
2353,宏碁,242270.41,10.66,1.54,1.76,1.20,
2354,鴻準,142057.43,9.50,6.06,7.98,6.44,
2355,敬鵬,20173.89,10.29,4.44,1.86,0.80,
2356,英業達,506884.02,4.71,1.48,1.60,1.05,
2357,華碩,354187.67,14.69,4.79,5.93,1.49,
2358,廷鑫,2332.16,7.91,3.61,2.35,3.02,
2359,所羅門,3948.94,19.77,3.82,9.48,8.02,
2360,致茂電子,16931.13,44.05,17.95,19.54,15.04,
2362,藍天,19796.07,26.67,7.41,11.90,7.36,
2363,矽統科技,223.09,19.88,-174.49,-71.44,-78.54,
2364,倫飛電腦,919.54,25.46,-4.94,-9.24,-9.24,
2365,昆盈企業,2019.78,22.20,-2.05,5.95,4.71,
2367,燿華,19539.61,13.86,4.15,3.74,3.27,
2368,金像電,20596.42,14.57,3.76,1.56,1.11,
2369,菱生,5242.96,4.57,-5.25,-4.43,-3.73,
2371,大同,60622.73,-4.06,-25.54,-52.52,-54.92,
2373,震旦行,14343.90,43.81,10.22,14.01,11.51,
2374,佳能,7635.03,8.46,-9.69,-6.74,-5.57,
2375,智寶,2972.45,19.13,-7.78,97.97,96.08,
2376,技嘉,60923.59,16.62,3.74,4.85,4.10,
2377,微星科技,118527.27,13.61,5.65,6.03,5.10,
2379,瑞昱,45805.75,44.67,8.23,10.17,9.50,
2380,虹光精密,2126.78,24.23,-20.52,-19.75,-20.05,
2382,廣達,1027991.04,4.27,1.39,1.87,1.49,
2383,台光電子,22890.93,19.99,12.04,12.35,7.66,
2385,群光電子,87260.41,14.46,5.33,5.77,4.56,
2387,精元電腦,10437.09,11.82,1.36,3.24,1.21,
2388,威盛電子,4796.84,27.45,-25.62,2.01,1.62,
2390,云辰,672.36,17.75,-22.10,-27.04,-25.74,
2392,正崴,87910.96,8.71,0.14,1.00,0.62,
2393,億光電子,24089.29,23.47,3.69,4.67,3.58,
2395,研華,48726.52,38.30,15.33,16.41,12.96,
2397,友通資訊,5211.12,29.57,15.00,15.16,11.62,
2399,映泰,3040.06,9.52,-2.12,-6.55,-6.27,
2401,凌陽科技,6077.73,39.97,-1.48,3.36,2.34,
2402,毅嘉科技,7231.69,7.06,1.14,2.50,2.01,
2404,漢唐,18127.93,17.56,13.09,16.75,12.55,
2405,浩鑫,4204.53,14.64,-4.11,-4.16,-3.23,
2406,國碩科技,9378.71,-1.51,0.17,-22.73,-23.06,
2408,南亞科,84721.80,55.02,46.45,49.08,46.46,
2409,友達,307634.39,9.15,2.17,3.65,2.59,
2412,中華電,215483.16,35.24,20.25,20.87,16.92,
2413,環科,3832.37,15.95,0.32,0.85,0.12,
2414,精技電腦,17147.71,9.00,1.76,1.77,1.52,
2415,錩新,2197.37,25.81,9.67,7.26,5.72,
2417,圓剛,2801.13,49.16,-0.01,1.55,0.98,
2419,仲琦,10057.78,18.37,3.60,3.67,2.94,
2420,新巨,2820.47,36.88,19.34,22.40,17.75,
2421,建準電機,11965.30,20.07,5.03,6.55,5.08,
2423,固緯,2575.32,50.39,13.60,16.37,13.32,
2424,隴華電子,2.68,49.07,-1818.16,-1539.78,-1540.27,
2425,承啟,4083.03,9.01,5.95,7.22,5.98,
2426,鼎元,3028.13,20.29,5.48,17.20,16.12,
2427,三商電腦,3354.04,27.96,2.91,3.59,3.45,
2428,興勤電子,6019.95,37.23,23.01,25.07,16.42,
2429,銘旺科,905.14,11.76,0.06,-1.30,-1.30,
2430,燦坤實業,20570.15,14.97,1.45,1.12,1.08,
2431,聯昌電子,2428.43,5.31,-10.41,-6.98,-7.82,
2433,互盛電,4090.45,30.41,11.17,15.52,13.31,
2434,統懋,304.70,-34.98,-56.91,-59.47,-59.31,
2436,偉詮電,2564.46,24.74,6.90,8.74,6.87,
2438,翔耀實業,444.17,29.91,15.75,17.20,12.02,
2439,美律,35494.81,13.31,6.49,7.68,5.81,
2440,太空梭,3385.89,5.58,0.37,-1.37,-1.71,
2441,超豐電子,12356.43,26.37,22.81,23.60,19.22,
2442,新美齊,6127.93,24.55,13.89,13.78,14.27,
2443,新利虹,1186.86,0.97,-25.28,-29.13,-33.20,
2444,兆勁,1208.07,9.22,-8.09,-7.51,-8.20,
2448,晶電,20306.41,13.19,-3.34,-4.27,-2.49,
2449,京元電子,20815.37,25.77,13.07,11.48,8.62,
2450,神腦,31240.94,11.35,0.38,1.30,1.28,
2451,創見資訊,17615.97,20.04,12.15,15.06,11.82,
2453,凌群,4726.73,23.49,0.77,1.72,1.27,
2454,聯發科,238057.35,38.53,6.80,9.95,8.73,
2455,全新,2062.12,37.55,22.50,23.72,19.26,
2456,奇力新,17553.01,34.92,21.78,20.15,16.33,
2457,飛宏科技,12138.72,10.41,-2.97,-1.48,-2.03,
2458,義隆,8651.33,45.59,20.00,21.62,17.70,
2459,敦吉,8792.49,13.76,5.97,7.42,5.59,
2460,建通精密,3950.85,7.04,-2.53,-2.87,-2.26,
2461,光群雷射,5202.25,21.03,3.32,1.67,0.47,
2462,良得電,4481.85,8.16,-0.99,1.37,0.25,
2464,盟立,14406.44,18.46,7.96,8.03,6.62,
2465,麗臺科技,3329.16,14.30,-0.41,-2.00,-2.48,
2466,冠西電,2626.83,8.02,-2.67,0.80,0.13,
2467,志聖工業,5699.79,31.54,11.92,13.77,10.49,
2468,華經,1658.72,11.35,2.05,3.18,2.56,
2471,資通,673.52,36.97,6.38,9.41,8.49,
2472,立隆電子,8048.06,26.80,14.33,14.74,11.23,
2474,可成科技,95416.14,40.48,31.03,43.30,29.34,
2476,鉅祥,5126.57,26.79,9.96,12.11,6.92,
2477,美隆電,3445.19,19.86,5.04,7.17,4.90,
2478,大毅,6020.51,38.57,26.38,26.16,22.74,
2480,敦陽科技,4648.44,29.72,10.75,11.38,8.70,
2481,強茂,11365.61,22.33,8.20,8.38,7.41,
2482,連宇,1013.87,39.53,0.72,1.16,0.33,
2483,百容,2037.31,22.38,4.19,9.17,7.89,
2484,希華,2691.88,21.44,8.08,11.08,9.66,
2485,兆赫電子,7771.56,8.39,-1.62,4.00,3.57,
2486,一詮精密,3988.49,8.46,-4.84,-3.15,-2.89,
2488,漢平,2632.42,23.34,11.18,15.38,11.19,
2489,瑞軒,15077.96,11.26,-0.44,1.59,1.21,
2491,吉祥全,355.19,23.65,-6.98,-11.64,-11.67,
2492,華新科,47755.33,60.40,52.77,53.62,42.99,
2493,揚博科技,2400.52,31.90,17.63,17.84,14.29,
2495,普安,1384.10,41.40,3.29,9.67,8.63,
2496,卓越成功,917.58,46.93,12.19,13.20,13.78,
2497,怡利電子,1977.93,15.72,-13.54,-15.86,-11.73,
2498,宏達電,23740.61,2.17,-58.82,72.57,50.65,
2499,東貝光電,5168.14,22.18,4.42,1.89,1.62,
2501,國建,14294.77,26.01,15.59,31.54,29.67,
2504,國產,18644.81,7.55,2.41,2.89,3.17,
2505,國揚實業,752.65,30.75,-5.23,-7.33,-6.77,
2506,太設,1626.13,46.63,13.42,19.31,14.60,
2509,全坤建,3950.64,38.76,28.93,27.57,24.98,
2511,太子,11855.21,28.36,8.93,11.55,10.49,
2514,龍邦國際,111.99,42.36,-90.73,102.81,22.41,
2515,中工,11062.42,9.53,3.19,2.03,3.22,
2516,新建,7471.53,1.37,-0.74,1.06,0.89,
2520,冠德,14435.68,27.70,13.23,7.48,4.66,
2524,京城,3297.86,35.76,20.10,16.59,15.08,
2527,宏璟,4541.73,28.58,12.75,12.01,8.81,
2528,皇普建設,218.45,2.18,-21.46,-30.51,-32.06,
2530,華建,1212.12,16.34,5.62,2.86,1.66,
2534,宏盛,7995.31,44.33,37.92,38.67,37.58,
2535,達工,14484.78,8.24,4.68,4.90,3.78,
2536,宏普建設,3918.01,16.61,11.04,13.29,11.35,
2537,聯上開發,1900.41,9.79,4.34,2.37,1.50,
2538,基泰建設,148.33,69.58,-10.07,36.57,34.08,
2539,櫻花建設,3792.10,22.95,13.95,13.63,11.87,
2540,愛山林,1860.43,36.35,17.67,12.87,9.94,
2542,興富發,44204.97,29.80,21.50,21.38,19.77,
2543,皇昌營造,4457.13,-8.26,-11.59,-11.72,-11.72,
2545,皇翔,3060.89,38.94,18.10,29.21,27.68,
2546,根基,11429.19,6.38,4.40,4.53,3.57,
2547,日勝,31947.33,22.64,13.42,11.75,10.79,
2548,華固建設,4638.02,29.35,16.32,22.67,18.75,
2597,潤弘精密,8646.07,15.15,7.32,9.96,8.46,
2601,益航,8043.88,71.27,16.26,5.47,2.73,
2603,長榮海運,169236.65,4.41,0.55,0.71,0.05,
2605,新興,3773.08,13.59,9.38,3.20,2.25,
2606,裕民,11523.22,14.88,11.57,14.17,14.48,
2607,榮運,7742.44,16.01,12.58,14.08,11.24,
2608,嘉里大榮,10384.00,18.70,13.82,14.97,11.77,
2609,陽明海運,141832.93,0.03,-4.00,-4.99,-4.45,
2610,華航,170711.61,10.08,2.36,1.80,1.33,
2611,志信,937.68,23.51,-0.31,4.67,5.40,
2612,中航,3820.22,25.38,15.89,14.64,13.45,
2613,中櫃,2850.92,8.76,3.81,2.52,2.05,
2614,東森,19304.67,25.17,-2.08,9.83,7.82,
2615,萬海,66778.68,7.49,1.48,2.66,1.70,
2616,山隆通運,19016.29,7.70,1.14,1.65,1.24,
2617,台航,3367.24,25.60,21.25,29.36,28.44,
2618,長榮航空,179907.33,12.29,4.94,5.09,4.01,
2630,亞洲航空,2719.35,11.49,0.52,0.29,0.57,
2633,台灣高鐵,45415.01,44.77,42.16,16.10,23.55,
2634,漢翔公司,28182.10,12.91,8.32,9.41,7.42,
2636,台驊投控,11536.27,17.02,3.26,3.53,3.18,
2637,慧洋-KY,13067.63,27.83,26.59,13.88,13.84,
2642,宅配通,3360.95,15.08,2.20,2.35,2.04,
2701,萬企,364.54,55.36,46.98,137.62,90.32,
2702,華園,1169.72,80.52,7.01,34.07,18.18,
2704,國賓,2977.05,41.73,10.75,17.09,13.54,
2705,六福,2024.59,29.50,-6.86,-11.32,-64.91,
2706,第一店,330.49,73.67,63.83,207.37,130.17,
2707,晶華酒店,6675.94,33.72,16.98,25.08,20.94,
2712,遠雄來,370.43,21.62,-10.36,-10.56,-8.46,
2722,夏都,670.30,34.40,-1.60,3.81,2.99,
2723,美食-KY,24115.08,58.74,9.48,10.03,6.88,
2727,王品,16286.40,46.03,3.49,3.61,2.47,
2731,雄獅旅遊,29621.69,10.74,0.60,1.18,0.90,
2739,寒舍餐旅,4357.92,36.48,1.94,2.88,2.61,
2748,雲品,1707.74,32.93,15.90,15.64,12.38,
2816,旺旺保險,7707.68,33.01,7.67,8.11,7.83,
2823,中壽,338495.11,3.81,2.35,2.84,3.01,
2832,台產,4942.67,37.37,13.48,13.62,11.34,
2841,台灣土地,365.76,45.73,-180.78,115.56,109.89,
2850,新產,14749.32,35.05,13.65,13.67,12.00,
2851,中再保,14871.54,11.75,9.26,9.26,7.06,
2852,第一保,6129.39,30.64,9.20,9.19,8.02,
2867,三商美邦,167844.49,1.76,-0.99,-0.91,-0.19,
2901,欣欣大眾,141.03,88.13,22.49,27.76,22.45,
2903,遠百,39242.55,51.35,10.67,6.50,4.21,
2904,匯僑,475.68,43.39,29.87,31.16,24.97,
2906,高林實,6936.13,22.91,2.76,3.77,2.38,
2908,特力,39897.95,25.72,1.16,0.87,1.05,
2910,統領,436.09,68.45,26.89,24.59,20.66,
2911,麗嬰房,6147.54,45.17,-2.48,-1.24,-1.78,
2912,統一超,244887.85,34.33,5.24,6.29,4.80,
2913,台灣農林,254.24,45.47,-67.91,-21.23,-16.52,
2915,潤泰全球,10498.33,59.73,46.23,123.07,146.85,
2923,鼎固-KY,6928.72,57.71,60.22,45.85,23.57,
2929,淘帝-KY,6764.78,38.86,19.83,19.57,14.10,
2936,客思達-KY,12013.46,27.62,-0.02,-0.41,-0.18,
2939,凱羿-KY,3125.75,26.48,15.63,20.02,16.50,
3002,歐格電子,612.16,28.19,-0.50,2.46,-5.21,
3003,健和興,3534.68,33.25,18.55,21.07,13.73,
3004,豐達科技,2279.43,30.91,15.91,17.03,13.21,
3005,神基科技,24693.84,28.13,10.74,12.26,9.79,
3006,晶豪科技,11555.12,18.42,6.98,7.34,6.20,
3008,大立光,49952.16,68.77,59.28,62.45,48.79,
3010,華立,52935.02,7.95,3.30,3.84,2.81,
3011,今皓,1493.31,11.21,-4.29,-1.77,-2.23,
3013,晟銘電子,6186.40,7.63,1.60,2.99,2.34,
3014,聯陽,3363.14,52.71,16.39,17.35,14.47,
3015,全漢,14522.06,10.03,-1.69,0.59,0.63,
3016,嘉晶,4524.03,17.02,11.04,11.70,9.51,
3017,奇鋐科技,29066.59,11.86,2.47,3.55,2.51,
3018,同開科技,1349.29,7.37,-5.32,-16.37,-12.12,
3019,亞洲光學,19082.73,19.91,8.36,9.79,7.82,
3021,鴻名企業,2373.89,23.46,6.80,7.46,5.25,
3022,威強電,6185.75,31.89,11.11,21.56,14.52,
3023,信邦電子,15645.25,25.06,10.43,12.27,8.77,
3024,憶聲電子,1574.76,21.86,1.41,10.44,9.55,
3025,星通,548.04,37.90,-1.04,0.34,0.17,
3026,禾伸堂,16350.84,35.14,22.03,21.54,16.39,
3027,盛達電業,792.16,32.14,-3.60,-0.48,20.74,
3028,增你強,31079.87,5.83,2.23,1.74,1.32,
3029,零壹科技,6647.35,10.26,4.22,4.74,3.79,
3030,德律科技,4919.43,53.45,25.81,27.13,21.64,
3031,佰鴻工業,1650.74,21.03,1.47,6.74,5.26,
3032,偉訓科技,7432.97,13.10,6.63,8.94,6.20,
3033,威健,52987.13,6.42,2.39,1.68,1.18,
3034,聯詠,54833.86,31.03,13.89,14.42,11.65,
3035,智原,4904.66,53.11,5.77,6.44,5.32,
3036,文曄科技,273416.49,3.89,1.92,1.32,1.02,
3037,欣興電子,75732.78,11.07,1.83,3.01,2.42,
3038,全台,2818.74,17.01,2.16,4.49,3.98,
3040,遠見,189.63,60.06,38.67,62.61,43.50,
3041,揚智,2412.59,17.62,-44.35,-41.93,-31.59,
3042,晶技,8156.27,22.41,6.54,8.99,7.90,
3043,科風,1055.34,23.09,-0.82,-0.19,-0.17,
3044,健鼎科技,52105.68,18.74,10.41,12.52,9.48,
3045,台灣大,118732.33,28.99,15.30,14.90,12.20,
3046,建碁,1703.86,31.43,-0.66,0.54,-0.64,
3047,訊舟科技,6873.56,24.06,3.09,2.99,1.77,
3048,益登,80259.41,3.17,1.11,0.39,0.30,
3049,和鑫,2843.18,16.87,6.02,6.34,6.25,
3050,鈺德科技,790.57,28.29,5.17,8.79,7.96,
3051,力特光電,2453.84,19.56,6.32,-1.78,-4.24,
3052,夆典,1070.74,-6.11,-19.09,-19.04,-12.62,
3054,立萬利,185.51,6.16,-29.46,3.26,0.48,
3055,蔚華科技,3152.98,22.36,2.16,3.97,2.73,
3056,總太地產,2661.31,24.61,14.19,15.26,12.53,
3057,喬鼎資訊,1829.39,32.19,-1.36,-2.64,-3.48,
3058,立德電子,4867.66,12.27,-3.71,-3.10,-3.25,
3059,華晶科技,11193.57,11.78,0.82,2.69,1.55,
3060,銘異,6786.26,4.54,-5.74,-5.02,-5.48,
3062,建漢科技,8598.96,6.40,0.94,2.57,1.94,
3090,日電貿,10679.19,27.84,17.34,18.46,14.75,
3094,聯傑國際,261.10,66.56,3.82,16.41,14.52,
3130,一零四,1577.61,89.91,20.48,22.32,17.88,
3149,正達國際,4170.70,2.02,-4.40,-2.86,-2.99,
3164,景岳生技,406.53,68.27,30.06,30.48,38.77,
3167,大量科技,3986.98,28.06,13.20,15.37,11.23,
3189,景碩科技,23727.93,22.70,3.34,2.99,1.73,
3209,全科,31795.07,4.57,1.50,0.93,0.68,
3229,晟鈦,459.44,9.57,-18.19,-15.76,-16.11,
3231,緯創,889536.35,4.22,1.21,1.09,0.82,
3257,虹冠電,775.69,43.75,6.10,16.52,14.60,
3266,昇陽建設,2725.28,16.12,4.53,6.01,2.28,
3296,勝德國際,3140.74,15.12,1.99,3.53,3.16,
3305,昇貿科技,5452.25,10.20,2.23,2.84,0.79,
3308,聯德電子,751.68,0.58,-22.35,-19.91,-20.79,
3311,閎暉,2251.04,12.85,-6.72,1.91,-1.50,
3312,弘憶國際,9812.50,4.53,1.48,1.44,1.41,
3321,同泰電子,2413.29,0.96,-15.83,-14.59,-14.01,
3338,泰碩電子,3459.84,20.33,4.01,4.75,3.96,
3346,麗清,4404.91,17.93,5.33,5.34,4.68,
3356,奇偶科技,1480.39,33.35,-7.71,3.26,3.81,
3376,新日興,9644.92,24.11,15.63,17.86,12.35,
3380,明泰科技,15608.22,13.48,-1.28,-0.54,-0.56,
3383,新世紀,901.67,-17.43,-38.09,-38.23,-38.00,
3406,玉晶光,7914.25,38.75,15.67,15.62,11.41,
3413,京鼎,9304.95,24.85,14.32,15.40,12.50,
3416,融程電訊,1565.35,35.34,12.94,15.45,13.10,
3419,譁裕實業,1866.21,21.62,1.24,3.42,3.55,
3432,台端,114.02,39.76,-32.38,312.63,245.24,
3437,榮創,4643.05,6.01,-8.51,-9.19,-8.33,
3443,創意電子,13459.80,29.84,8.15,8.44,7.34,
3450,聯鈞,6842.24,25.49,16.70,20.14,14.40,
3454,晶睿,5235.97,34.38,5.34,6.09,5.08,
3481,群創光電,279376.12,9.60,1.73,2.35,0.80,
3494,誠研科技,1225.84,15.09,-26.63,-34.05,-34.45,
3501,維熹科技,5522.11,27.51,13.90,16.98,12.84,
3504,揚明光學,6262.25,20.04,2.66,3.90,2.88,
3515,華擎,10193.16,22.25,6.53,6.81,5.82,
3518,柏騰科技,576.46,2.60,-48.97,-51.90,-58.69,
3528,安馳科技,4122.75,13.94,6.27,5.40,4.30,
3530,晶相光,2034.27,23.09,8.85,9.34,7.74,
3532,台勝科,16358.13,42.57,37.78,39.17,34.11,
3533,嘉澤端子,13311.52,32.67,14.89,16.18,12.83,
3535,晶彩科,1537.75,25.15,3.62,5.48,5.48,
3536,誠創科技,1131.50,9.95,-5.12,-5.64,-5.73,
3545,敦泰,9919.37,15.75,-6.81,-25.24,-25.08,
3550,聯穎,4096.10,18.65,4.61,5.27,2.99,
3557,嘉威,28.58,-43.84,-225.29,1.11,1.11,
3563,牧德,3111.88,69.63,50.91,52.13,42.02,
3576,聯合再生,12983.92,-5.62,-20.87,-3.39,-3.57,
3583,辛耘,3988.03,36.32,12.88,13.54,10.48,
3588,通嘉,1080.44,35.98,2.02,3.58,3.43,
3591,艾笛森,2614.35,17.08,0.81,2.13,1.69,
3593,力銘,820.21,9.29,-7.86,-12.78,-17.86,
3596,智易科技,26621.26,11.86,3.65,4.20,3.31,
3605,宏致,6710.89,20.46,2.02,3.76,3.31,
3607,谷崧,5499.98,-0.29,-12.04,-12.81,-16.19,
3617,碩天科技,8333.49,41.88,7.90,9.78,7.11,
3622,洋華,738.79,13.69,-14.82,19.38,16.66,
3645,達邁,2268.61,35.64,20.96,21.81,16.70,
3653,健策,4681.90,24.46,10.84,13.08,10.54,
3661,世芯-KY,3450.68,37.43,9.33,9.70,7.46,
3665,貿聯-KY,21392.40,21.46,8.36,8.68,6.54,
3669,圓展,2109.64,46.59,2.55,3.34,2.18,
3673,TPK-KY,113481.51,3.71,-0.18,0.61,0.32,
3679,新至陞,4218.84,18.91,7.54,10.90,5.73,
3682,亞太電信,14565.96,9.38,-33.83,-32.64,-22.43,
3686,達能,522.53,-152.37,-163.81,-352.57,-353.43,
3694,海華科技,6923.96,10.35,-1.57,-1.76,-1.71,
3698,隆達,11055.22,14.12,-0.71,0.72,0.45,
3701,大眾投控,6356.03,13.03,-6.02,10.51,8.16,
3702,大聯大,545127.80,4.33,1.94,1.69,1.38,
3703,欣陸投控,25154.11,14.81,9.34,8.59,8.02,
3704,合勤控,22222.73,18.76,-3.41,-2.86,-2.71,
3705,永信,7513.69,45.72,10.68,12.42,9.12,
3706,神達,30751.82,15.57,1.09,11.29,10.72,
3708,上緯投控,6195.19,19.16,4.37,19.95,16.43,
3711,日月光投控,371092.42,16.48,7.18,8.64,7.13,
3712,永崴,3284.20,9.79,-4.41,-4.00,-5.08,
4104,佳醫,6345.03,18.90,6.90,10.22,8.64,
4106,雃博,2105.75,41.64,6.50,7.14,5.19,
4108,懷特,107.48,51.23,-250.19,-194.24,-194.24,
4119,旭富製藥,1939.91,38.61,26.58,28.08,23.05,
4133,亞諾法,426.02,44.49,4.73,8.71,10.83,
4137,麗豐-KY,4578.51,82.53,34.13,36.44,26.62,
4141,龍燈-KY,9123.83,40.92,7.51,2.77,1.06,
4142,國光生技,822.37,-35.79,-87.13,-80.98,-80.98,
4144,康聯-KY,2134.59,50.81,6.03,9.91,5.69,
4148,全宇生技-KY,2687.58,28.82,13.27,14.85,12.97,
4155,訊映,1120.35,27.65,12.24,17.99,14.33,
4164,承業醫,2507.47,29.14,18.34,14.68,12.68,
4190,佐登-KY,3108.50,76.80,22.54,23.19,16.97,
4306,炎洲,19810.47,11.54,2.93,4.04,2.66,
4414,如興,17402.36,13.67,-0.72,-8.81,-9.05,
4426,利勤實業,2046.73,28.58,17.35,18.55,15.06,
4438,廣越,13280.44,16.64,8.33,8.40,6.45,
4526,東台,11625.28,23.36,3.59,4.11,3.42,
4532,瑞智精密,22479.30,15.82,7.33,7.02,5.12,
4536,拓凱,7397.50,29.04,13.16,15.31,11.20,
4540,全球傳動,3418.36,35.03,22.49,22.96,18.18,
4545,銘鈺,2073.53,17.37,-2.57,-1.65,-2.74,
4551,智伸科,4424.84,29.07,18.51,16.42,11.29,
4552,力達-KY,7542.98,23.62,16.46,15.77,10.20,
4555,台灣氣立,1704.37,37.35,11.17,12.68,10.00,
4557,永新-KY,1566.62,30.06,12.56,14.10,11.57,
4560,強信-KY,1816.14,41.05,23.76,24.01,17.24,
4562,穎漢科技,1433.32,38.15,12.65,13.50,10.42,
4564,元翎,2643.40,32.15,24.38,23.68,19.10,
4566,時碩工業,3426.86,20.07,4.23,9.19,6.37,
4572,駐龍,839.07,47.52,35.21,37.86,28.63,
4576,大銀微系統,2808.95,37.83,9.87,10.80,9.19,
4720,德淵企業,3256.85,17.44,0.64,1.47,1.02,
4722,國精化學,4748.83,14.84,6.42,7.40,5.35,
4725,信昌化,15166.05,4.69,2.23,2.28,2.19,
4737,華廣,2007.22,45.68,11.98,8.07,6.37,
4739,康普材料,6310.64,12.37,8.80,8.52,6.80,
4746,台耀,2687.73,34.01,2.25,5.47,4.64,
4755,三福化工,4049.36,18.78,10.20,12.21,9.82,
4763,材料-KY,1739.19,24.23,9.32,12.08,12.88,
4764,雙鍵,4530.28,27.64,16.46,17.60,12.47,
4766,南寶,16022.22,23.76,5.62,6.46,4.47,
4807,日成-KY,2928.17,29.89,16.61,17.23,12.55,
4904,遠傳,86634.97,32.32,14.28,13.70,10.88,
4906,正文,17333.75,9.23,-0.34,0.16,-0.13,
4912,聯德控股-KY,6043.09,21.28,10.03,8.97,6.71,
4915,致伸,64811.41,12.02,3.00,3.65,2.95,
4916,事欣科,8502.43,23.17,4.64,4.48,3.42,
4919,新唐科技,10040.22,38.97,7.52,8.36,7.08,
4927,泰鼎-KY,11175.10,16.29,7.47,7.52,7.45,
4930,燦星網通,11061.17,13.32,-2.96,-1.97,-2.44,
4934,太極能源,2727.10,-29.40,-41.23,-63.76,-67.62,
4935,茂林-KY,5424.06,13.59,2.61,3.85,3.12,
4938,和碩,1340002.03,3.04,0.89,1.12,0.83,
4942,嘉彰,7142.53,22.09,10.90,12.72,8.94,
4943,康控-KY,5757.90,41.15,25.88,25.77,16.96,
4952,凌通科技,2844.74,34.57,10.56,11.38,10.00,
4956,光鋐,1176.54,12.90,-7.38,-6.54,-6.55,
4958,臻鼎-KY,117912.88,22.10,12.59,12.44,9.78,
4960,誠美材,12767.16,4.40,-4.75,-8.40,-8.21,
4961,天鈺,8852.38,20.13,5.02,4.85,3.93,
4967,十銓,7199.52,6.50,2.69,3.11,2.41,
4968,立積,2650.17,32.64,7.59,8.08,6.69,
4976,佳凌,1690.83,11.32,0.69,3.20,2.98,
4977,眾達-KY,1930.81,26.63,12.82,13.26,13.34,
4989,榮科,3209.42,14.26,9.82,10.95,8.62,
4994,傳奇,1045.90,69.77,-22.85,-23.84,-27.48,
4999,鑫禾,2438.67,35.26,22.13,26.26,19.28,
5007,三星科技,7982.43,23.01,17.39,17.95,14.27,
5203,訊連,1573.82,88.25,26.90,28.20,20.89,
5215,科嘉-KY,1847.93,22.43,9.80,12.94,9.29,
5225,東科-KY,9213.76,12.83,3.14,3.58,2.69,
5234,達興材料,4412.73,33.73,16.83,17.11,14.86,
5243,乙盛-KY,10299.44,14.05,4.14,4.73,3.64,
5258,虹堡,2327.73,29.17,-19.33,-17.65,-14.82,
5259,奕智博,127.83,-61.21,-102.43,-68.02,-67.95,
5264,鎧勝-KY,30494.46,4.57,-4.97,-3.12,-5.58,
5269,祥碩科技,3722.35,47.16,29.56,30.74,25.68,
5283,禾聯碩,5326.11,36.80,18.19,19.23,15.21,
5284,jpp-KY,1217.58,33.87,14.46,14.27,12.03,
5285,界霖,5009.23,18.03,9.17,9.18,7.60,
5288,豐祥-KY,4614.20,17.50,12.16,15.30,11.92,
5305,敦南科技,12104.78,27.08,9.66,15.37,11.56,
5388,中磊電子,33384.94,13.41,2.70,3.09,2.54,
5434,崇越科技,28861.20,11.79,5.27,6.22,4.79,
5469,瀚宇博德,43768.98,14.90,5.30,5.94,3.98,
5471,松翰科技,3157.56,38.56,8.95,12.74,10.73,
5484,慧友電子,424.43,-1.01,-51.98,-51.46,-43.34,
5515,建國工程,6824.13,10.87,5.28,5.50,3.04,
5519,隆大營建,2577.52,25.15,17.88,18.42,17.19,
5521,工信,3844.01,0.83,-3.48,-2.77,-1.82,
5522,遠雄建設,24241.62,20.82,13.15,12.44,8.27,
5525,順天建設,4187.85,31.90,24.25,24.31,22.15,
5531,鄉林建設,7313.15,31.33,9.37,2.10,-0.41,
5533,皇鼎建設,2265.46,30.44,15.98,12.08,10.34,
5534,長虹,12106.36,38.32,34.79,36.67,34.40,
5538,東明-KY,8886.55,14.94,8.20,7.56,6.05,
5607,遠雄港,1698.20,51.21,26.84,23.76,16.61,
5608,四維航業,4024.04,14.86,7.50,-6.77,-6.82,
5706,鳳凰旅遊,2917.52,13.65,5.66,6.91,5.61,
5871,中租-KY,50472.59,63.36,35.80,37.35,27.52,
5906,台南-KY,1695.01,58.61,2.71,1.34,0.56,
5907,大洋-KY,6457.83,77.66,15.14,11.76,7.60,
6108,競國實業,8933.16,15.33,5.96,9.26,6.22,
6112,聚碩,11186.82,9.78,3.82,3.98,3.10,
6115,鎰勝,7041.04,17.06,8.75,11.78,7.48,
6116,彩晶,16866.33,16.70,5.41,8.63,6.05,
6117,迎廣科技,1935.69,12.45,-13.26,-10.44,-10.26,
6120,達運,21362.17,5.83,-1.98,3.00,1.51,
6128,上福全球,6791.27,32.33,5.51,1.71,0.61,
6131,悠克國際,-488.06,105.57,132.71,167.27,167.28,
6133,金橋科技,1078.41,19.95,-0.13,1.20,1.33,
6136,富爾特,638.44,23.97,-4.17,14.95,13.86,
6139,亞翔工程,22235.08,8.28,4.89,5.19,3.74,
6141,柏承科技,3998.71,12.66,2.48,-1.44,-2.20,
6142,友勁科技,3202.18,8.32,-9.94,-6.86,-6.89,
6152,百一電子,6342.48,7.88,-8.79,-9.47,-9.46,
6153,嘉聯益,15520.38,17.32,4.97,6.63,5.16,
6155,鈞寶,722.19,27.76,10.40,21.96,17.65,
6164,華興電子,1140.22,29.02,0.22,1.33,1.88,
6165,捷泰精密,7.10,1.49,-231.02,-64.31,-64.31,
6166,凌華科技,10477.11,35.57,2.77,2.88,2.33,
6168,宏齊科技,2923.67,19.32,1.67,8.72,7.99,
6172,互億科技,369.12,1.44,-0.87,3.00,2.48,
6176,瑞儀光電,53952.29,15.46,9.46,12.27,9.34,
6177,達麗,1457.87,35.73,9.09,3.54,3.12,
6183,關貿,1583.60,41.40,21.23,22.07,17.68,
6184,大豐電,1974.22,42.08,24.79,23.92,18.00,
6189,豐藝電子,19712.24,9.04,3.98,3.81,2.97,
6191,精成科技,22297.73,12.16,2.82,2.87,1.78,
6192,巨路國際,5726.94,31.40,16.39,17.54,12.96,
6196,帆宣科技,24415.72,11.55,3.59,4.10,3.20,
6197,佳必琪,3486.16,18.44,3.99,10.01,7.96,
6201,亞弘電,3260.78,17.97,5.55,10.34,8.08,
6202,盛群,4862.81,49.24,22.84,25.61,22.01,
6205,詮欣,1508.72,29.92,10.74,13.20,9.35,
6206,飛捷,6569.77,29.32,13.80,14.00,12.06,
6209,今國光學,3518.29,5.02,-6.39,-4.81,-0.65,
6213,聯茂,22401.72,14.53,7.97,9.78,7.92,
6214,精誠資訊,19515.99,25.80,3.52,6.36,5.38,
6215,和椿科技,1486.91,27.07,4.44,3.86,3.27,
6216,居易,986.14,50.21,20.15,23.10,19.04,
6224,聚鼎,1668.64,47.50,24.03,25.95,20.98,
6225,天瀚,7.92,-63.19,-252.76,-232.59,-232.59,
6226,光鼎電子,1440.37,25.02,4.69,2.79,2.10,
6230,超眾,7662.18,20.25,10.79,12.15,7.77,
6235,華孚科技,3816.88,20.21,4.65,5.48,4.41,
6239,力成,68039.38,20.33,14.38,13.87,11.04,
6243,迅杰,516.39,23.21,-16.01,-11.65,-11.65,
6251,定穎電子,13058.29,8.85,-0.04,-1.81,-1.84,
6257,矽格,9541.49,27.85,18.08,18.78,14.12,
6269,台郡科技,26770.49,19.13,11.78,13.00,9.88,
6271,同欣電子,7413.51,25.65,15.36,16.80,13.67,
6277,宏正科,5173.01,58.84,16.05,35.90,30.69,
6278,台表科,30634.09,11.03,5.08,4.13,2.47,
6281,全國電,16343.30,19.22,2.88,3.10,2.48,
6282,康舒,18732.66,13.11,0.13,9.31,5.60,
6283,淳安電子,1100.30,18.89,1.53,3.34,2.39,
6285,啟碁科技,56049.68,12.69,3.60,3.97,3.44,
6288,聯嘉光電,3387.84,19.92,5.05,5.94,4.38,
6289,華上光電,184.56,-91.54,-116.27,38.32,38.32,
6405,悅城科技,779.95,16.30,0.56,2.01,0.72,
6409,旭隼,11407.89,27.22,18.50,19.78,15.90,
6412,群光電能,31292.36,14.01,4.55,4.27,3.27,
6414,樺漢科技,68962.46,22.13,4.26,5.29,4.16,
6415,矽力-KY,9414.16,46.72,20.32,20.51,19.44,
6416,瑞祺電通,4247.76,19.32,10.07,10.85,8.54,
6431,光麗-KY,100.09,-7.84,-45.44,-17.67,-18.86,
6442,光聖,2805.11,17.07,4.62,7.34,5.50,
6443,元晶,3830.64,-17.16,-32.33,-32.73,-29.32,
6449,鈺邦科技,2042.82,25.32,12.92,12.43,8.93,
6451,訊芯-KY,4465.71,18.84,3.07,7.58,6.51,
6452,康友-KY,5177.16,40.59,26.66,26.29,21.25,
6456,GIS-KY,128443.83,8.58,3.12,3.79,3.10,
6464,台數科,2931.66,44.89,25.95,28.06,21.73,
6477,安集,1795.20,22.29,17.33,14.48,12.59,
6504,南六,6786.34,18.80,11.75,12.88,8.73,
6505,台塑石化,767550.22,10.11,8.66,9.71,7.83,
6525,捷敏-KY,3412.02,30.58,22.18,28.05,22.70,
6531,愛普,4723.85,14.76,1.90,3.06,2.44,
6533,晶心科,304.76,99.86,11.59,14.10,13.64,
6541,泰福-KY,0.00,0.00,0.00,0.00,0.00,
6552,易華電,1931.01,20.49,12.28,12.77,11.37,
6558,興能高,1734.29,24.67,10.50,12.76,9.51,
6573,虹揚-KY,2063.18,12.87,-3.96,0.63,1.11,
6579,研揚科技,5800.26,30.83,8.00,16.11,14.29,
6581,鋼聯,2147.37,54.33,45.21,45.72,36.58,
6582,申豐,3690.57,21.96,13.43,14.32,11.57,
6591,動力-KY,1217.60,19.78,6.88,8.86,6.06,
6605,帝寶工業,16203.43,25.43,8.97,7.78,5.80,
6625,必應,1423.59,19.29,8.17,8.34,6.25,
6641,基士德-KY,1867.64,39.58,14.12,15.02,11.44,
6655,科定,2545.82,55.61,14.24,12.07,8.43,
6666,羅麗芬-KY,1358.18,67.04,42.13,42.96,31.75,
6668,中揚光,1195.83,40.41,16.56,16.71,11.71,
6669,緯穎,181064.82,5.88,3.92,3.92,3.08,
6670,復盛應用,16007.92,24.59,15.43,16.69,13.13,
6671,三能-KY,1900.24,37.52,11.29,12.19,9.24,
6672,騰輝電子-KY,5413.66,24.86,9.00,9.24,7.49,
6674,鋐寶科技,5316.09,13.63,3.86,4.10,3.47,
8011,台通,1931.79,13.14,-1.60,-2.41,-4.21,
8016,矽創電子,10330.51,27.78,10.09,10.86,9.81,
8021,尖點,3282.44,27.72,10.02,10.33,7.76,
8028,昇陽半導體,2121.87,33.98,14.12,13.01,9.37,
8033,雷虎科技,871.84,36.47,-0.58,-2.51,-3.36,
8039,台虹科技,9643.05,20.67,10.05,9.01,7.05,
8046,南電,28832.55,1.21,-4.11,-2.03,-2.03,
8070,長華電材,15756.63,14.73,8.82,11.10,8.35,
8072,陞泰,866.79,16.16,-5.06,-0.40,-1.48,
8081,致新,4465.55,31.67,11.32,12.30,10.61,
8101,華冠通訊,8179.96,2.80,-12.69,-8.73,-8.73,
8103,瀚荃,3110.63,27.45,8.69,10.77,6.56,
8104,錸寶,2519.94,20.66,11.15,14.00,13.51,
8105,凌巨,9887.85,11.62,0.01,-0.39,-1.34,
8110,華東,8552.75,10.42,5.37,6.18,4.74,
8112,至上電子,142151.66,2.68,1.74,1.43,1.10,
8114,振樺電子,9825.62,32.43,7.20,9.39,7.70,
8131,福懋科技,8785.53,19.05,17.22,19.93,16.17,
8150,南茂科技,18480.03,18.56,11.36,9.65,5.97,
8163,達方電子,20113.62,21.45,9.43,9.62,7.59,
8201,無敵,1512.03,13.08,-5.45,-1.92,-1.94,
8210,勤誠興業,6520.51,26.30,12.75,13.35,9.85,
8213,志超,23057.65,14.86,6.72,7.19,5.24,
8215,明基材料,12764.17,14.50,3.44,2.92,2.55,
8222,寶一科技,774.55,19.11,5.37,7.53,6.17,
8249,菱光科技,4576.76,12.08,4.95,6.95,4.50,
8261,富鼎,2709.09,18.45,6.39,6.91,5.90,
8271,宇瞻科技,9441.62,13.87,4.64,4.64,3.80,
8341,日友,2206.00,63.85,46.02,47.34,37.32,
8367,建新國際,1649.77,29.38,13.04,11.31,10.97,
8374,羅昇,3666.13,18.50,5.36,4.78,3.10,
8404,百和興業-KY,5992.85,35.80,12.71,10.33,6.23,
8411,福貞-KY,5541.34,8.95,-0.89,-2.21,-2.50,
8422,可寧衛,3395.81,63.23,50.15,50.50,38.89,
8427,基勝-KY,6152.02,20.31,2.19,1.20,-0.82,
8429,金麗-KY,3988.32,25.01,14.71,15.38,10.22,
8442,威宏-KY,6030.43,15.15,1.34,1.68,1.52,
8443,阿瘦,1630.79,61.60,0.19,1.05,0.84,
8454,富邦媒,42017.01,10.14,3.39,3.52,3.44,
8462,柏文,3012.16,32.79,18.32,18.37,15.19,
8463,潤泰精材,2783.57,11.91,5.32,5.05,4.17,
8464,億豐,21878.10,45.18,21.34,22.58,16.97,
8466,美吉吉-KY,2979.35,21.67,8.67,10.56,10.42,
8467,波力-KY,1485.90,25.37,4.31,10.10,8.70,
8473,山林水,4537.96,22.01,17.48,15.83,10.88,
8478,東哥遊艇,3959.49,27.87,6.74,9.88,9.06,
8480,泰昇-KY,1744.18,29.89,16.31,19.26,17.13,
8481,政伸,1138.89,47.09,23.95,25.20,19.62,
8482,商億-KY,4439.11,40.58,23.58,24.87,22.86,
8488,吉源-KY,3838.17,8.11,-3.02,-6.35,-5.24,
8497,格威傳媒,2994.41,30.22,8.92,9.60,7.65,
8499,鼎炫-KY,1647.07,44.99,28.74,32.06,24.81,
8926,台汽電,3814.27,12.51,6.89,17.73,17.54,
8940,新天地,1475.79,47.60,-1.45,-1.47,-2.26,
8996,高力,1931.59,29.35,11.96,14.70,11.89,
9802,鈺齊-KY,10070.15,18.00,8.29,9.23,7.32,
9902,台火,138.19,4.72,-17.56,8.90,8.68,
9904,寶成工業,293316.09,25.73,4.71,6.91,5.58,
9905,大華金,7132.59,13.04,5.94,6.61,6.17,
9906,欣巴巴,298.38,24.36,-6.83,-10.13,-10.13,
9907,統一實業,35103.81,9.55,2.80,6.24,4.39,
9908,大台北,4059.91,20.60,14.08,20.98,17.38,
9910,豐泰企業,64497.64,24.45,11.36,13.42,9.10,
9911,台灣櫻花,5986.09,34.04,13.86,16.58,13.36,
9912,偉聯,746.61,32.30,3.07,2.29,1.62,
9914,美利達,25852.94,12.45,5.23,10.14,6.75,
9917,中保,13393.62,36.64,19.12,19.00,15.67,
9918,欣天然,2163.16,24.55,13.44,13.86,10.48,
9919,康那香,3534.24,15.67,-0.30,-0.51,-0.72,
9921,巨大機械,60239.42,20.74,6.48,7.05,4.93,
9924,台灣福興,8303.46,20.76,9.95,11.75,8.57,
9925,新光保全,7044.27,32.49,10.40,14.98,12.81,
9926,新海瓦斯,2285.33,22.05,15.07,17.45,14.30,
9927,泰銘,10590.56,6.76,4.71,4.80,3.48,
9928,中視,763.23,-9.47,-32.37,-24.95,-25.03,
9929,秋雨,791.32,11.40,1.38,7.02,6.76,
9930,中聯資源,9229.39,16.56,11.65,11.68,9.23,
9931,欣高,1485.24,18.36,13.85,17.45,14.49,
9933,中鼎工程,64069.54,7.18,4.24,4.78,3.59,
9934,成霖企業,17879.12,27.37,3.50,4.49,3.46,
9935,慶豐富,4454.58,18.40,6.85,6.21,5.07,
9937,全國,22758.69,10.17,3.32,3.94,3.23,
9938,台灣百和,13716.05,36.34,17.28,16.13,11.04,
9939,宏全,19929.72,17.68,7.91,7.44,5.53,
9940,信義,12902.96,32.73,20.50,21.85,11.55,
9941,裕融企業,23125.06,45.21,15.95,16.45,12.03,
9942,茂順,3211.76,34.10,19.65,20.79,13.73,
9943,好樂迪,3006.25,57.05,20.72,33.90,29.66,
9944,新麗企業,3204.65,20.61,-0.04,1.47,0.55,
9945,潤泰創新,14859.43,24.81,13.26,82.68,70.31,
9946,三發地產,1571.71,36.60,24.18,23.70,22.06,
9955,佳龍,2123.23,-2.13,-7.44,-12.95,-12.73,
9958,世紀鋼構,1654.76,13.94,3.89,2.25,0.27,
