公司代號,公司名稱,營業收入(百萬元),毛利率(%)(營業毛利)/(營業收入),營業利益率(%)(營業利益)/(營業收入),稅前純益率(%)(稅前純益)/(營業收入),稅後純益率(%)(稅後純益)/(營業收入),合計：共 899 家
1101,台泥,89657.35,27.51,23.40,25.40,19.00,
1102,亞泥,60908.07,24.51,20.29,25.04,19.54,
1103,嘉泥,1495.21,14.68,-2.58,49.77,65.25,
1104,環球水泥,3436.44,11.79,3.26,23.69,21.91,
1108,幸福水泥,2460.42,2.83,-3.02,-3.37,-2.05,
1109,信大水泥,4717.02,30.55,23.97,23.87,16.20,
1110,東泥,1176.16,8.00,1.52,7.79,7.72,
1201,味全公司,14509.56,31.50,3.14,6.96,6.25,
1203,味王公司,4559.80,32.56,15.50,16.94,11.95,
1210,大成長城,53361.44,14.20,3.15,4.23,3.45,
1213,大飲,501.65,8.78,-0.26,-0.14,-0.31,
1215,卜蜂企業,15807.06,12.97,5.60,5.69,4.24,
1216,統一,330258.56,34.10,6.80,8.93,6.85,
1217,愛之味,3538.84,32.84,3.83,2.05,2.19,
1218,泰山企業,6110.59,18.61,2.35,7.34,6.97,
1219,福壽實業,8713.85,6.83,-0.88,-1.09,-1.01,
1220,台榮,1945.15,12.68,4.13,5.25,4.48,
1225,福懋油,8344.87,7.70,2.67,3.09,2.47,
1227,佳格,19494.27,30.71,11.22,13.73,11.18,
1229,聯華實業,3766.02,16.29,5.53,51.21,51.20,
1231,聯華食品,5993.55,21.40,7.06,7.66,6.14,
1232,大統益,12555.94,10.41,6.10,6.34,5.09,
1233,天仁,1649.46,57.44,8.42,10.68,8.59,
1234,黑松,7003.70,26.75,2.71,9.22,8.21,
1235,興泰,50.03,54.21,24.73,304.43,305.44,
1236,宏亞食品,1410.72,24.00,-3.03,-2.45,-2.56,
1256,鮮活果汁-KY,2661.94,35.48,19.67,20.07,14.43,
1262,綠悅-KY,2967.24,1.04,-8.74,-10.56,-9.12,
1301,台塑,174017.58,16.84,11.86,31.03,27.13,
1303,南亞塑膠,255361.90,15.81,10.02,21.83,18.88,
1304,台聚,45648.48,10.80,4.70,5.78,4.43,
1305,華夏,11298.55,20.40,12.86,13.52,11.06,
1307,三芳化工,7067.38,20.19,3.74,4.22,3.35,
1308,亞聚,4488.95,4.06,0.59,6.41,5.87,
1309,台達化工,16585.57,6.32,2.88,3.14,2.31,
1310,台苯,11981.85,15.35,12.26,12.30,9.47,
1312,國喬石化,19019.41,18.13,12.78,19.54,15.11,
1313,聯成,44029.80,6.29,2.67,2.44,1.97,
1314,中石化,29910.76,14.85,10.10,13.40,13.27,
1315,達新工業,1901.70,15.52,0.06,14.75,14.76,
1316,上曜,1380.66,31.51,12.82,22.41,22.55,
1319,東陽,17445.98,22.56,7.97,10.30,8.32,
1321,大洋,3543.82,4.03,-3.32,0.65,0.55,
1323,永裕,2785.34,24.04,12.63,13.47,9.53,
1324,地球工業,847.47,16.38,0.20,1.14,0.45,
1325,恒大,663.34,11.37,5.24,8.30,6.81,
1326,台化,306288.82,14.83,11.18,19.72,17.34,
1337,再生-KY,1052.25,-12.50,-42.22,-43.73,-44.48,
1338,廣華-KY,6011.68,24.06,8.85,8.94,6.69,
1339,昭輝,2091.16,24.27,11.21,16.10,13.23,
1340,勝悅-KY,1741.25,20.49,11.56,14.47,11.70,
1341,富林-KY,2134.21,16.44,6.38,5.78,4.14,
1402,遠東新,167195.14,21.11,8.08,11.43,9.72,
1410,南染,387.47,38.78,23.07,26.67,21.80,
1413,宏洲纖維,2717.08,8.03,5.68,5.88,6.54,
1414,東和,744.64,9.50,1.11,4.59,4.94,
1416,廣豐,212.64,90.16,-19.39,32.88,22.89,
1417,嘉裕,1072.83,15.21,-28.38,-12.34,-13.91,
1418,東華,574.60,-10.89,-23.20,-26.65,-26.69,
1419,新紡,1132.30,23.20,-5.09,22.46,21.99,
1423,利華羊毛,594.75,10.51,5.94,16.58,15.23,
1432,大魯閣實業,811.46,68.75,-19.15,-17.80,-17.96,
1434,福懋興業,33804.38,12.53,6.27,17.32,14.87,
1435,中福國際,23.31,94.23,-25.30,-13.38,-13.38,
1436,華友聯,1664.09,27.46,18.64,15.91,14.02,
1437,勤益投控,434.71,73.08,54.80,59.56,49.08,
1438,裕豐,0.01,-422.22,-70777.78,-44711.11,-44711.11,
1439,中和羊毛,208.22,3.78,-20.09,-21.56,-20.77,
1440,南紡,18818.21,13.38,4.70,7.27,5.97,
1441,大東紡織,1205.67,0.81,-13.29,94.13,87.96,
1442,名軒,861.49,33.03,19.37,19.81,17.58,
1443,立益紡織,914.99,0.07,-18.72,-59.47,-60.78,
1444,力麗,9393.30,8.26,2.57,5.48,4.50,
1445,大宇紡織,1192.41,4.98,-2.93,-2.28,-1.52,
1446,宏和,341.78,4.92,-17.36,-10.13,-11.09,
1447,力鵬,14013.23,4.89,1.00,3.87,3.47,
1449,佳和實業,1810.16,3.63,-11.64,-6.29,-6.21,
1451,年興紡織,6436.11,10.30,3.45,6.16,4.30,
1452,宏益,1610.68,15.33,9.47,12.26,10.24,
1453,大將,27.62,-1.89,-104.31,1292.52,1290.89,
1454,台富,1458.40,8.52,0.82,1.48,1.82,
1455,集盛,12015.87,4.78,1.46,3.19,2.82,
1456,怡華,358.16,21.97,6.60,-4.69,-6.02,
1457,宜進,4198.02,12.37,6.91,15.91,14.63,
1459,聯發紡織,2652.46,1.93,-3.06,4.50,4.07,
1460,宏遠,6754.45,17.84,2.37,3.16,2.16,
1463,強盛染整,804.51,37.70,25.22,34.52,33.77,
1464,得力實業,6557.10,15.75,3.11,3.44,2.75,
1465,偉全實業,1314.81,9.40,-2.91,-1.06,-1.39,
1466,聚隆,3155.47,3.78,-1.92,-2.29,-2.16,
1467,南緯實業,5402.07,17.21,-1.14,-1.00,-2.26,
1468,昶和纖維,692.26,16.66,-2.31,6.04,6.04,
1470,大統新創,563.49,21.35,5.80,6.97,5.57,
1471,首利,910.25,-6.39,-28.28,-18.85,-18.52,
1472,三洋紡,475.37,-1.06,-12.70,-13.09,-12.68,
1473,台南企業,6677.88,12.26,-0.60,-0.01,-0.53,
1474,弘裕,2718.60,12.14,3.37,3.05,2.58,
1475,本盟光電,43.22,-87.96,-124.92,-117.73,-117.99,
1476,儒鴻,20024.73,28.34,18.98,19.64,15.67,
1477,聚陽實業,17825.89,19.40,8.17,8.16,6.34,
1503,士電,18375.57,20.01,7.48,9.57,6.56,
1504,東元電機,37109.84,24.11,7.19,8.96,7.29,
1506,正道,918.09,10.62,-8.97,-0.96,-0.53,
1507,永大機電,11381.18,23.68,7.36,7.70,5.51,
1512,瑞利,2242.39,7.40,-2.64,-4.67,-4.69,
1513,中興電,8977.57,16.39,4.75,5.96,5.02,
1514,亞力電機,2957.31,15.58,3.79,5.34,4.70,
1515,力山,3530.16,17.74,3.18,5.77,4.37,
1516,川飛,768.19,3.21,2.01,2.31,2.31,
1517,利奇機械,2202.49,9.37,-4.11,6.88,4.56,
1519,華城電機,4187.75,7.75,-3.18,-2.60,-2.49,
1521,大億,4437.45,14.71,5.20,7.03,5.56,
1522,堤維西,12297.87,22.17,4.17,4.39,3.99,
1524,耿鼎企業,1803.20,20.58,9.49,10.07,7.87,
1525,江申工業,930.60,9.68,1.76,39.48,31.95,
1526,日馳,908.21,26.64,12.14,14.55,11.08,
1527,鑽全,2855.49,29.66,19.82,32.12,26.49,
1528,恩德,3790.41,27.85,2.58,2.19,1.66,
1529,樂士,165.75,26.93,12.48,16.42,16.30,
1530,亞崴機電,3617.11,19.98,8.51,9.97,6.59,
1531,高林股,1990.34,20.45,7.48,10.64,4.94,
1532,勤美,13141.23,26.95,13.06,12.81,12.89,
1533,車王電,2001.47,32.62,5.39,10.79,6.70,
1535,中宇,7597.19,4.84,0.54,1.25,0.76,
1536,和大工業,5450.94,32.07,19.27,20.81,18.00,
1537,廣隆光電,6379.16,21.17,15.00,16.24,12.31,
1538,正峰新,318.56,13.69,-23.44,-21.74,-21.74,
1539,巨庭機械,2089.01,9.96,5.38,6.34,4.81,
1540,喬福機械,418.33,28.46,16.33,26.61,23.34,
1541,錩泰,2712.29,12.79,3.85,4.96,3.96,
1558,伸興,5246.08,25.34,16.59,20.30,14.97,
1560,中砂,3800.98,30.32,15.88,16.51,12.88,
1568,倉佑,2014.19,14.47,5.02,5.85,4.70,
1582,信錦,6589.58,22.01,12.46,15.35,9.99,
1583,程泰,6360.38,24.57,10.69,12.64,8.69,
1587,吉茂,1036.42,20.59,0.84,0.37,-0.11,
1589,永冠-KY,4493.09,12.57,-4.81,-4.03,-4.76,
1590,亞德客-KY,12018.93,48.84,27.91,24.06,17.96,
1592,英瑞-KY,3246.43,25.19,-3.23,-6.50,-6.43,
1598,岱宇國際,3958.90,24.75,-1.52,-0.40,0.09,
1603,華電,1851.58,10.89,6.08,7.96,6.15,
1604,聲寶,5665.61,17.45,3.20,13.20,11.79,
1605,華新,147484.76,9.66,7.08,10.20,7.17,
1608,華榮,6479.92,4.15,2.18,-5.68,-5.98,
1609,大亞電線,13976.74,6.73,1.85,3.84,3.43,
1611,中電,1773.11,21.49,-6.56,-6.43,-5.88,
1612,宏泰,2997.18,9.12,4.74,5.42,4.59,
1614,三洋電,3998.19,19.22,5.29,5.31,4.33,
1615,大山,2569.37,10.47,6.89,7.30,6.02,
1616,億泰,2320.48,7.27,0.94,1.10,0.81,
1617,榮星電線,2726.34,13.13,5.28,7.53,6.26,
1618,合機公司,1758.34,6.96,2.79,4.04,3.42,
1626,艾美特-KY,8552.35,15.82,-0.83,-0.71,-1.49,
1701,中化,5877.13,37.29,5.04,6.42,5.46,
1702,南僑投控,13484.67,32.71,8.39,7.26,5.25,
1707,葡萄王,6516.11,79.87,24.67,25.53,19.82,
1708,東鹼,3304.69,28.08,14.99,12.72,9.07,
1709,和益化工,7670.25,14.75,7.12,7.62,5.85,
1710,東聯,24293.64,15.45,12.44,12.06,8.99,
1711,永光化學,7392.71,22.38,5.74,5.69,4.67,
1712,興農,14003.78,27.28,5.73,5.20,4.21,
1713,國化,513.87,12.23,4.09,19.93,19.47,
1714,和桐化學,22277.16,7.35,2.30,1.89,1.21,
1717,長興材料,32853.82,17.10,4.63,4.90,3.97,
1720,生達化學,2574.31,43.56,10.69,14.53,12.15,
1721,三晃,2599.99,7.66,-0.62,0.12,0.26,
1722,台肥,9078.07,22.70,11.94,22.02,18.11,
1723,中碳,6348.39,25.90,21.13,22.46,18.23,
1724,台硝,1472.82,11.67,3.21,3.84,3.71,
1725,元禎,7465.95,4.45,2.31,3.10,2.55,
1726,永記造漆,6011.95,23.88,9.88,11.78,10.08,
1727,中華化學,1993.30,13.12,4.68,5.42,3.99,
1730,花仙子,1938.91,44.06,12.25,14.36,11.04,
1731,美吾華,846.20,58.70,14.42,13.23,10.04,
1732,毛寶,436.15,43.50,0.40,0.26,0.04,
1733,五鼎,1523.67,28.27,11.73,12.39,8.66,
1734,杏輝藥品,1617.37,36.48,-5.29,-4.29,-5.65,
1735,日勝化,2741.37,11.92,2.06,1.38,0.15,
1736,喬山健康,14409.12,47.63,-2.66,-0.75,-1.04,
1737,臺鹽,2267.29,39.99,15.10,19.70,17.14,
1760,寶齡富錦,943.31,55.50,12.98,13.30,7.14,
1762,中化合成,787.28,32.58,2.87,30.78,30.29,
1773,勝一化工,5992.78,25.45,13.38,14.66,11.70,
1776,展宇,1450.50,10.72,-1.05,-0.93,-1.09,
1783,和康生技,333.63,41.48,13.49,14.94,14.89,
1786,科妍,227.95,65.51,22.33,26.76,24.28,
1789,台灣神隆,2664.60,41.17,15.17,13.44,13.11,
1802,台玻,34895.17,17.01,6.17,4.15,3.05,
1805,寶徠,66.22,15.58,-103.38,-105.40,-105.40,
1806,冠軍,3764.45,23.40,-7.05,-10.12,-10.67,
1808,潤隆,11958.09,26.17,19.97,18.96,16.71,
1809,中釉,1898.12,19.92,0.02,0.52,0.09,
1810,和成,3911.95,24.31,-0.74,-0.70,-0.94,
1817,凱撒衛浴,1675.43,32.53,15.05,15.44,10.40,
1902,台紙,2265.15,19.87,8.25,23.40,18.54,
1903,士紙,146.42,15.77,-96.95,-89.87,-89.87,
1904,正隆,30998.28,20.22,6.64,14.44,12.21,
1905,華紙,18034.07,9.09,2.44,2.65,2.17,
1906,寶隆國際,1544.80,2.34,0.83,29.58,28.10,
1907,永豐餘,56844.74,15.26,3.31,4.35,3.06,
1909,榮成紙業,39516.90,14.14,5.61,3.84,2.40,
2002,中鋼,296445.69,12.26,8.44,7.96,7.16,
2006,東和鋼鐵,29883.59,8.42,3.47,3.40,2.64,
2007,燁興公司,6798.72,5.23,2.47,0.63,0.46,
2008,高興昌,1046.94,-2.70,-12.59,-9.42,-16.11,
2009,第一伸銅,2344.63,1.77,-0.03,4.06,4.36,
2010,春源鋼鐵,13870.33,5.89,1.42,2.13,1.76,
2012,春雨,7204.59,16.60,6.48,6.06,5.47,
2013,中鋼構,14669.60,1.76,0.07,0.44,0.60,
2014,中鴻,36380.19,9.37,6.42,6.77,6.77,
2015,豐興鋼鐵,22789.14,13.50,10.80,11.52,9.31,
2017,官田鋼,3755.25,11.62,3.00,2.66,2.56,
2020,美亞鋼管,3551.27,9.84,4.69,9.90,8.99,
2022,聚亨,8114.74,6.46,0.69,1.38,1.26,
2023,燁輝,57757.57,7.03,2.37,1.80,1.54,
2024,志聯工業,1130.44,13.63,8.29,7.74,6.07,
2025,千興,2421.99,1.20,-0.36,-17.70,-17.85,
2027,大成鋼,64608.69,21.00,11.23,11.06,8.12,
2028,威致鋼鐵,8372.35,6.58,5.04,4.71,4.80,
2029,盛餘,8888.35,6.42,1.45,1.64,1.12,
2030,彰源,10356.18,14.03,7.77,6.43,4.44,
2031,新光鋼,6924.36,13.75,9.55,22.79,20.45,
2032,新鋼工業,2352.24,4.50,1.34,0.98,0.78,
2033,佳大世界,621.70,12.55,2.12,2.61,2.05,
2034,允強,14989.33,11.06,6.68,6.85,5.46,
2038,海光企業,5826.34,-0.44,-2.35,-1.56,-0.88,
2049,上銀科技,22685.00,40.74,24.47,24.37,18.97,
2059,川湖,3255.00,52.63,39.43,49.20,39.61,
2062,橋椿,5094.93,12.28,0.99,2.82,2.08,
2069,運錩,6522.80,7.22,2.44,17.26,14.68,
2101,南港輪胎,7994.02,16.09,4.68,4.03,2.34,
2102,泰豐輪胎,3925.52,7.92,-17.09,-18.09,-17.10,
2103,台橡,22745.85,11.94,4.85,5.46,3.88,
2104,國際中橡,18149.16,27.83,20.58,20.70,15.54,
2105,正新,83440.04,22.80,7.69,5.93,3.66,
2106,建大,24046.33,17.75,1.96,4.07,2.52,
2107,厚生,1022.04,23.91,8.35,22.37,18.79,
2108,南帝化工,10296.90,23.06,13.86,15.46,11.75,
2109,華豐橡膠,3963.58,17.99,1.40,-3.07,-4.74,
2114,鑫永銓,1374.35,34.68,26.42,27.08,22.05,
2115,六暉-KY,1942.44,20.47,9.00,9.81,6.80,
2201,裕隆汽車,65658.69,22.36,3.38,6.65,4.49,
2204,中華汽車,27121.11,19.61,5.85,12.99,11.54,
2206,三陽工業,24473.84,17.95,1.68,8.45,6.98,
2208,台船公司,9711.52,-22.93,-26.75,-26.03,-23.57,
2227,裕隆日產,22931.71,18.38,4.62,25.10,19.00,
2228,劍麟,3160.87,26.83,12.54,16.64,12.19,
2231,為升,3059.26,47.33,30.72,31.94,26.06,
2236,百達-KY,1636.84,25.91,8.57,8.13,5.93,
2239,英利-KY,16071.98,19.86,10.62,9.25,7.38,
2243,宏旭-KY,1737.64,12.44,3.84,1.69,1.33,
2301,光寶科技,156639.64,12.98,3.59,5.00,3.48,
2302,麗正,389.74,31.64,2.46,5.35,5.35,
2303,聯電,115735.37,15.76,5.52,4.12,4.88,
2305,全友電腦,431.51,33.85,-23.47,-2.50,-4.33,
2308,台達電,172383.93,26.27,7.10,9.00,7.27,
2312,金寶電子,97001.37,6.27,1.16,1.08,0.70,
2313,華通,36222.52,14.52,9.88,9.02,5.42,
2314,台揚科技,5803.29,12.54,0.56,0.93,0.54,
2316,楠梓電,4027.16,5.57,-2.55,6.67,3.67,
2317,鴻海,3483904.83,5.89,2.06,2.73,1.89,
2321,東訊,1848.07,9.34,-4.79,-2.28,-2.32,
2323,中環,6489.60,3.73,-10.32,-9.51,-10.66,
2324,仁寶電腦,687404.39,3.17,0.96,1.34,1.13,
2327,國巨,60937.02,64.42,53.10,56.97,48.26,
2328,廣宇,19847.97,8.94,4.81,6.97,5.34,
2329,華泰電子,10981.67,1.53,-4.38,-4.11,-1.57,
2330,台積電,741703.36,48.50,37.28,38.62,33.87,
2331,精英,23601.45,7.63,-1.28,-0.32,-0.23,
2332,友訊科技,14779.06,28.80,1.29,0.63,-0.09,
2337,旺宏,27971.71,40.72,21.08,21.97,21.90,
2338,光罩,2166.48,21.34,10.47,10.70,8.76,
2340,光磊,4104.04,30.59,13.64,14.12,11.84,
2342,茂矽,1384.72,19.93,8.61,11.13,10.99,
2344,華邦電,39322.06,38.35,17.03,18.34,17.26,
2345,智邦科技,30065.31,18.81,8.11,8.83,7.16,
2347,聯強國際,284473.31,3.69,1.46,2.18,1.92,
2348,海悅,793.23,62.96,43.62,44.87,44.71,
2349,錸德科技,7079.07,6.32,-8.53,-8.02,-9.87,
2351,順德,7850.41,18.92,10.89,11.12,8.61,
2352,佳世達,113395.69,12.48,2.92,3.83,2.91,
2353,宏碁,178605.40,10.68,1.48,1.90,1.35,
2354,鴻準,110452.11,7.97,4.50,6.36,4.90,
2355,敬鵬,15758.55,10.71,4.89,1.62,0.00,
2356,英業達,372782.00,4.93,1.67,1.80,1.14,
2357,華碩,292112.75,13.62,3.00,3.61,2.70,
2358,廷鑫,1481.42,8.37,3.31,2.20,2.96,
2359,所羅門,3063.02,19.33,3.80,7.08,6.19,
2360,致茂電子,13006.96,44.23,19.48,21.08,15.88,
2362,藍天,15728.53,25.98,7.94,13.94,9.05,
2363,矽統科技,179.51,27.10,-155.60,-24.93,-24.94,
2364,倫飛電腦,699.49,25.48,-3.81,-10.74,-10.73,
2365,昆盈企業,1480.18,21.63,-2.76,8.01,7.16,
2367,燿華,14313.52,13.16,3.51,2.86,2.54,
2368,金像電,15534.24,14.40,3.67,1.73,1.30,
2369,菱生,4036.74,5.36,-4.23,-3.35,-2.58,
2371,大同,48307.88,4.14,-15.61,-25.17,-24.55,
2373,震旦行,10569.39,43.34,9.85,14.03,11.50,
2374,佳能,5746.88,8.71,-9.06,-6.18,-5.68,
2375,智寶,2125.57,18.19,-14.05,134.05,132.11,
2376,技嘉,47976.80,18.07,4.88,5.98,4.97,
2377,微星科技,88775.69,14.66,6.81,7.23,6.04,
2379,瑞昱,33864.16,44.58,8.43,10.24,9.61,
2380,虹光精密,1540.65,23.40,-22.12,-20.79,-21.10,
2382,廣達,711306.85,4.34,1.38,1.99,1.55,
2383,台光電子,17487.32,20.57,12.57,12.70,7.59,
2385,群光電子,63810.60,13.92,4.71,5.78,4.64,
2387,精元電腦,7587.37,11.19,-0.05,2.54,0.31,
2388,威盛電子,3436.82,26.92,-28.45,2.09,1.99,
2390,云辰,516.67,17.44,-20.37,-21.89,-20.03,
2392,正崴,62449.40,8.11,-1.01,-0.20,-0.46,
2393,億光電子,18491.60,23.41,4.09,4.98,3.83,
2395,研華,36360.29,38.20,15.10,16.34,12.86,
2397,友通資訊,3964.59,29.50,15.53,15.65,11.99,
2399,映泰,2490.53,12.26,2.08,-3.49,-3.05,
2401,凌陽科技,4771.20,39.44,-1.65,4.72,3.67,
2402,毅嘉科技,5335.32,5.64,-0.17,1.12,0.87,
2404,漢唐,10374.73,18.26,12.65,18.93,14.33,
2405,浩鑫,3417.35,12.80,-2.02,-2.02,-1.39,
2406,國碩科技,7572.35,-1.93,-11.60,-16.69,-16.90,
2408,南亞科,67764.24,55.55,47.61,49.58,46.35,
2409,友達,230541.03,10.43,3.52,5.02,3.64,
2412,中華電,159995.60,36.20,20.88,21.55,17.36,
2413,環科,2853.88,15.66,0.19,0.26,-0.19,
2414,精技電腦,12429.59,9.28,1.89,1.92,1.66,
2415,錩新,1671.12,27.47,11.28,9.11,6.34,
2417,圓剛,2063.32,47.37,-2.73,-1.34,-1.69,
2419,仲琦,6601.35,19.66,3.80,3.66,2.48,
2420,新巨,2079.38,36.21,18.36,21.01,16.37,
2421,建準電機,8927.54,20.22,5.26,6.66,5.23,
2423,固緯,1826.59,51.25,15.23,17.85,13.78,
2424,隴華電子,2.34,61.67,-1249.34,-1189.63,-1190.18,
2425,承啟,3030.13,10.42,7.48,8.80,7.40,
2426,鼎元,2427.53,21.66,7.89,19.45,18.39,
2427,三商電腦,2292.24,26.56,1.44,2.20,2.05,
2428,興勤電子,4533.28,38.37,24.46,26.38,16.57,
2429,銘旺科,696.98,11.86,0.42,-0.78,-0.78,
2430,燦坤實業,15799.97,15.06,1.59,1.37,1.40,
2431,聯昌電子,1810.77,6.05,-8.94,-4.74,-5.05,
2433,互盛電,3027.77,30.48,10.26,16.23,14.27,
2434,統懋,244.01,-24.72,-44.73,-48.10,-47.49,
2436,偉詮電,1948.97,24.66,5.88,15.46,12.49,
2438,翔耀實業,346.44,30.79,17.76,19.47,14.25,
2439,美律,22105.00,12.61,5.29,5.18,3.80,
2440,太空梭,2558.93,5.58,0.44,-1.65,-1.99,
2441,超豐電子,9515.23,27.96,24.41,25.08,20.33,
2442,新美齊,2196.39,17.22,3.82,5.12,5.28,
2443,新利虹,1018.62,0.84,-23.48,-28.22,-28.23,
2444,兆勁,822.21,12.24,-7.76,-7.46,-7.35,
2448,晶電,16090.33,17.80,1.90,2.17,3.10,
2449,京元電子,15141.54,27.19,14.63,12.24,9.07,
2450,神腦,23340.37,11.34,0.14,1.09,1.16,
2451,創見資訊,13642.60,20.49,12.51,15.60,12.40,
2453,凌群,3190.51,24.17,1.04,1.62,1.05,
2454,聯發科,177165.47,38.39,6.96,11.02,9.61,
2455,全新,1573.52,37.62,23.34,24.79,20.26,
2456,奇力新,13424.80,35.60,23.16,23.30,18.61,
2457,飛宏科技,9168.65,9.83,-3.08,-1.98,-2.77,
2458,義隆,6367.38,45.29,19.51,21.67,17.22,
2459,敦吉,6909.33,12.69,5.43,6.67,5.25,
2460,建通精密,2972.79,6.18,-3.11,-3.40,-2.80,
2461,光群雷射,3789.52,21.23,2.83,1.68,0.56,
2462,良得電,3269.06,7.39,-1.89,-1.98,-2.61,
2464,盟立,10574.72,17.73,7.81,7.91,6.70,
2465,麗臺科技,2403.71,12.58,-1.48,-2.09,-2.41,
2466,冠西電,1976.19,8.43,-1.94,-1.26,-1.17,
2467,志聖工業,4213.03,30.42,11.82,13.69,10.29,
2468,華經,1237.10,11.40,2.20,3.26,2.53,
2471,資通,471.20,33.32,4.17,7.65,7.32,
2472,立隆電子,6191.25,26.43,14.97,15.41,11.83,
2474,可成科技,66251.43,42.15,32.69,47.15,31.80,
2476,鉅祥,3786.44,26.03,9.23,11.71,6.49,
2477,美隆電,2547.02,19.52,4.71,7.07,4.87,
2478,大毅,4641.59,35.71,24.19,25.90,23.32,
2480,敦陽科技,3342.42,29.24,10.56,11.24,8.47,
2481,強茂,8882.28,22.36,7.77,9.31,7.68,
2482,連宇,760.54,38.06,-1.05,-0.76,-1.03,
2483,百容,1561.67,22.62,4.58,9.90,8.58,
2484,希華,2076.69,21.03,8.17,11.38,9.34,
2485,兆赫電子,5749.80,8.50,-1.27,1.70,2.36,
2486,一詮精密,3130.89,9.07,-4.34,-2.29,-2.23,
2488,漢平,1824.87,23.45,10.90,16.40,12.01,
2489,瑞軒,9703.83,10.98,-1.70,0.71,0.65,
2491,吉祥全,243.94,23.24,-6.56,-12.13,-12.16,
2492,華新科,36076.10,59.88,52.36,53.43,42.92,
2493,揚博科技,1832.23,30.21,16.02,15.57,12.49,
2495,普安,939.45,39.77,-4.73,1.60,1.18,
2496,卓越成功,675.52,48.75,14.29,15.16,12.86,
2497,怡利電子,1557.26,15.68,-15.52,-14.66,-10.80,
2498,宏達電,19607.48,0.95,-56.74,110.78,83.58,
2499,東貝光電,3930.97,22.61,5.36,3.14,2.85,
2501,國建,7639.79,29.79,17.01,46.24,43.29,
2504,國產,13277.60,7.83,2.47,3.75,3.47,
2505,國揚實業,164.10,47.40,-81.80,-100.80,-100.98,
2506,太設,653.19,45.22,-9.38,-1.09,-6.29,
2509,全坤建,1136.94,17.98,5.94,3.30,-4.06,
2511,太子,6417.86,31.60,7.80,12.04,11.27,
2514,龍邦國際,85.18,55.43,-70.83,424.58,325.29,
2515,中工,7964.89,9.61,3.28,2.64,4.62,
2516,新建,5217.16,1.58,-0.52,0.97,0.76,
2520,冠德,6705.20,25.22,1.66,-3.41,-6.65,
2524,京城,2704.53,34.62,21.20,17.98,16.93,
2527,宏璟,2043.93,32.12,10.59,10.67,4.19,
2528,皇普建設,218.16,2.09,-11.73,-20.75,-22.30,
2530,華建,1028.04,16.96,7.69,5.30,4.09,
2534,宏盛,7102.42,43.23,38.26,39.36,38.52,
2535,達工,10862.60,8.08,4.88,5.50,4.26,
2536,宏普建設,2650.52,17.63,12.03,13.54,11.27,
2537,聯上開發,1615.31,9.98,5.48,3.25,2.44,
2538,基泰建設,107.30,67.63,-9.77,5.09,3.05,
2539,櫻花建設,1628.54,23.08,9.17,8.67,6.93,
2540,愛山林,1366.30,40.15,24.74,19.85,15.69,
2542,興富發,32976.84,31.07,22.56,21.95,20.37,
2543,皇昌營造,3273.39,1.31,-1.95,-1.94,-1.94,
2545,皇翔,2386.41,41.03,22.89,13.15,11.62,
2546,根基,8503.74,6.21,4.41,4.62,3.68,
2547,日勝,28878.04,22.92,14.92,13.61,12.85,
2548,華固建設,2897.84,31.40,16.07,25.57,20.83,
2597,潤弘精密,6286.97,15.21,7.47,9.99,8.60,
2601,益航,5664.00,70.65,15.63,7.25,2.14,
2603,長榮海運,120035.25,3.59,-0.85,-0.33,-0.82,
2605,新興,2559.95,9.86,5.43,-1.16,-1.12,
2606,裕民,8262.10,14.44,11.28,16.94,17.77,
2607,榮運,5775.16,15.69,12.31,14.54,11.51,
2608,嘉里大榮,7660.12,17.91,13.55,14.46,11.26,
2609,陽明海運,103349.29,-1.92,-6.02,-7.00,-6.20,
2610,華航,126207.63,10.35,2.45,1.81,1.29,
2611,志信,698.35,22.31,-1.41,2.56,3.11,
2612,中航,2794.44,24.68,15.16,14.13,12.89,
2613,中櫃,2144.15,9.40,4.44,3.18,2.56,
2614,東森,13478.16,27.05,-0.06,17.54,14.70,
2615,萬海,48185.35,6.90,0.98,2.50,1.77,
2616,山隆通運,14222.61,7.92,1.24,1.87,1.40,
2617,台航,2543.52,24.86,20.79,32.08,30.99,
2618,長榮航空,134812.12,12.85,5.93,6.16,4.89,
2630,亞洲航空,1823.68,9.78,-1.56,-1.79,-1.88,
2633,台灣高鐵,33671.32,45.04,42.49,16.79,25.73,
2634,漢翔公司,19813.49,13.32,8.94,9.87,8.08,
2636,台驊投控,8268.26,17.62,3.33,3.76,3.36,
2637,慧洋-KY,9538.71,26.91,25.65,11.85,11.81,
2642,宅配通,2514.44,14.57,1.77,1.90,1.74,
2701,萬企,274.02,54.18,46.40,144.66,85.58,
2702,華園,888.80,80.28,-5.41,32.78,16.83,
2704,國賓,2193.24,42.09,11.43,21.10,17.20,
2705,六福,2354.32,22.27,-13.61,-45.23,-45.23,
2706,第一店,244.22,72.79,63.57,219.02,126.11,
2707,晶華酒店,4983.36,33.10,15.33,24.63,20.70,
2712,遠雄來,286.81,23.48,-6.82,-7.04,-7.12,
2722,夏都,503.68,35.58,-0.89,0.27,0.16,
2723,美食-KY,18255.06,58.80,10.02,10.72,7.50,
2727,王品,12311.14,46.43,4.15,4.19,2.90,
2731,雄獅旅遊,23051.22,10.73,0.99,1.56,1.19,
2739,寒舍餐旅,3143.42,34.45,-0.73,0.04,0.35,
2748,雲品,1028.88,30.51,13.76,13.48,10.57,
2816,旺旺保險,5847.22,33.46,8.71,9.54,9.06,
2823,中壽,247787.14,5.44,3.92,4.14,4.24,
2832,台產,3776.35,40.22,16.48,16.59,14.18,
2841,台灣土地,285.39,48.74,-156.88,25.06,26.86,
2850,新產,11175.93,34.21,13.65,13.74,12.58,
2851,中再保,11272.68,12.60,10.05,10.05,7.63,
2852,第一保,4777.42,33.38,13.09,13.09,11.80,
2867,三商美邦,128838.94,2.33,-0.37,-0.29,0.30,
2901,欣欣大眾,104.52,88.18,21.24,26.62,21.73,
2903,遠百,26988.19,52.60,8.56,6.52,3.93,
2904,匯僑,352.42,44.03,30.23,31.06,25.04,
2906,高林實,5202.88,22.74,2.62,3.40,2.13,
2908,特力,30106.01,25.97,1.94,2.01,2.05,
2910,統領,298.79,65.50,24.55,27.86,24.99,
2911,麗嬰房,4391.03,45.45,-2.95,-1.76,-2.18,
2912,統一超,183181.12,34.47,5.42,6.47,4.91,
2913,台灣農林,188.09,45.12,-72.65,-19.84,-22.19,
2915,潤泰全球,9409.82,64.41,53.36,135.14,160.11,
2923,鼎固-KY,3583.12,67.86,45.31,24.70,16.95,
2929,淘帝-KY,4559.76,38.84,18.35,17.59,12.38,
2936,客思達-KY,8955.53,26.79,-0.87,-1.27,-0.70,
2939,凱羿-KY,2510.58,26.62,16.45,21.12,17.24,
3002,歐格電子,462.64,28.12,0.83,3.69,-6.49,
3003,健和興,2617.21,33.81,19.05,21.36,13.45,
3004,豐達科技,1619.35,30.40,15.35,16.67,12.95,
3005,神基科技,18218.35,27.59,10.47,12.15,9.64,
3006,晶豪科技,8862.14,20.01,8.43,8.97,7.78,
3008,大立光,37507.20,68.55,59.20,61.73,47.70,
3010,華立,39366.76,8.15,3.55,4.04,2.80,
3011,今皓,1086.55,9.97,-6.72,-3.80,-4.77,
3013,晟銘電子,4506.73,6.65,0.51,2.35,1.77,
3014,聯陽,2603.93,53.31,17.83,18.68,15.69,
3015,全漢,11011.84,10.29,-1.24,1.23,1.19,
3016,嘉晶,3318.33,17.91,12.03,12.58,10.25,
3017,奇鋐科技,21121.56,11.63,2.54,3.55,2.59,
3018,同開科技,1101.34,12.78,2.14,-9.94,-8.94,
3019,亞洲光學,14271.84,19.99,8.63,10.09,7.88,
3021,鴻名企業,1768.98,23.58,7.15,8.03,6.07,
3022,威強電,4366.28,31.68,10.84,22.32,15.73,
3023,信邦電子,11819.63,24.88,10.47,12.88,9.83,
3024,憶聲電子,1235.30,21.17,1.37,3.55,3.07,
3025,星通,345.60,40.40,-6.75,-4.84,-4.91,
3026,禾伸堂,12717.60,37.04,25.23,25.30,20.22,
3027,盛達電業,591.76,34.37,0.12,2.55,-9.18,
3028,增你強,22789.19,5.96,2.45,1.95,1.47,
3029,零壹科技,4895.00,9.90,4.31,4.68,3.75,
3030,德律科技,3896.74,52.76,26.49,27.53,22.07,
3031,佰鴻工業,1247.24,18.41,-1.53,6.30,4.56,
3032,偉訓科技,5451.95,12.68,7.80,9.55,6.65,
3033,威健,41474.72,6.49,2.63,1.96,1.37,
3034,聯詠,39487.48,30.39,13.12,13.60,10.98,
3035,智原,3552.96,53.27,5.55,6.12,5.20,
3036,文曄科技,187653.96,4.23,2.12,1.52,1.17,
3037,欣興電子,55252.58,9.56,0.24,2.21,1.89,
3038,全台,2112.47,17.08,2.65,5.22,4.38,
3040,遠見,140.98,60.01,37.83,64.15,43.15,
3041,揚智,1824.79,21.00,-38.77,-36.10,-26.11,
3042,晶技,5998.60,22.37,6.45,8.65,7.36,
3043,科風,755.38,24.29,0.38,0.50,0.10,
3044,健鼎科技,38993.47,18.16,9.80,11.88,8.91,
3045,台灣大,87166.40,29.84,15.94,15.52,12.80,
3046,建碁,1179.50,32.24,-2.32,-1.25,-1.92,
3047,訊舟科技,5089.55,23.64,2.57,2.25,1.03,
3048,益登,59601.76,3.12,1.10,0.34,0.27,
3049,和鑫,2197.86,19.39,9.27,9.58,9.58,
3050,鈺德科技,571.21,26.18,2.97,11.04,9.86,
3051,力特光電,1815.37,21.47,8.73,0.88,-0.50,
3052,夆典,913.24,-1.29,-14.06,-15.27,-11.04,
3054,立萬利,137.15,5.79,-33.14,-3.79,-7.47,
3055,蔚華科技,2303.20,22.15,2.24,3.15,2.34,
3056,總太地產,2522.95,24.77,16.20,17.13,14.87,
3057,喬鼎資訊,1436.61,32.30,1.50,-0.40,-0.60,
3058,立德電子,3636.09,12.46,-2.17,-1.65,-1.67,
3059,華晶科技,8877.91,11.62,1.35,2.69,1.91,
3060,銘異,5109.26,5.03,-5.15,-4.18,-4.60,
3062,建漢科技,6380.45,6.45,0.98,2.52,1.95,
3090,日電貿,8556.57,29.56,18.83,20.09,15.88,
3094,聯傑國際,200.67,65.88,5.79,18.05,16.14,
3130,一零四,1196.34,90.25,21.93,23.64,19.05,
3149,正達國際,3318.33,2.80,-2.32,-0.89,-0.89,
3164,景岳生技,311.92,68.07,30.06,30.02,42.63,
3167,大量科技,3137.29,28.57,14.58,15.92,11.55,
3189,景碩科技,17469.06,22.63,3.95,3.28,2.11,
3209,全科,23384.11,4.63,1.54,1.00,0.76,
3229,晟鈦,353.57,11.21,-13.65,-10.21,-10.28,
3231,緯創,634047.23,4.14,1.07,0.97,0.73,
3257,虹冠電,648.85,45.32,11.24,17.87,15.47,
3266,昇陽建設,2061.96,20.26,9.13,10.77,7.29,
3296,勝德國際,2220.76,13.49,-0.37,1.35,1.32,
3305,昇貿科技,4228.71,10.35,2.38,3.11,0.69,
3308,聯德電子,568.41,0.87,-22.70,-20.85,-21.69,
3311,閎暉,1649.44,11.78,-8.32,-2.37,-3.30,
3312,弘憶國際,6950.94,4.69,1.61,1.57,1.64,
3321,同泰電子,1854.49,1.52,-14.55,-12.92,-12.04,
3338,泰碩電子,2475.67,19.74,2.74,3.55,3.13,
3346,麗清,3162.54,17.56,4.92,4.51,4.22,
3356,奇偶科技,1112.23,34.35,-8.18,4.48,4.88,
3376,新日興,6894.95,22.46,13.39,16.26,11.12,
3380,明泰科技,11522.50,12.49,-2.20,-1.46,-1.75,
3383,新世紀,742.48,-7.46,-26.36,-31.04,-29.29,
3406,玉晶光,5819.56,39.63,16.67,15.09,10.98,
3413,京鼎,7382.35,24.60,14.76,15.93,12.90,
3416,融程電訊,1138.53,34.44,12.03,14.50,11.89,
3419,譁裕實業,1443.62,21.17,1.21,3.20,3.06,
3432,台端,91.28,38.27,-32.62,364.89,286.55,
3437,榮創,3656.16,5.20,-8.43,-8.50,-7.55,
3443,創意電子,9907.83,30.60,8.30,8.38,7.18,
3450,聯鈞,5295.26,25.96,17.48,21.33,15.31,
3454,晶睿,3778.76,36.09,5.76,6.54,5.14,
3481,群創光電,207132.75,10.79,3.03,3.62,1.41,
3494,誠研科技,859.86,10.83,-30.91,-30.42,-29.42,
3501,維熹科技,4077.33,27.81,14.74,18.35,13.99,
3504,揚明光學,4868.19,20.13,3.43,4.69,3.56,
3515,華擎,7443.25,23.73,7.35,7.61,6.55,
3518,柏騰科技,445.55,-1.20,-48.38,-49.29,-56.06,
3528,安馳科技,3232.81,13.68,6.27,5.41,4.35,
3530,晶相光,1445.06,20.66,6.61,6.97,5.76,
3532,台勝科,12139.92,42.85,38.09,39.90,34.80,
3533,嘉澤端子,9702.95,32.38,14.69,16.04,12.26,
3535,晶彩科,1129.24,22.20,1.61,3.49,3.48,
3536,誠創科技,902.17,9.59,-4.30,-4.51,-4.55,
3545,敦泰,7875.85,22.00,0.94,2.54,2.10,
3550,聯穎,3116.04,18.46,4.63,5.31,3.18,
3557,嘉威,12.67,-98.41,-384.61,-235.36,-235.36,
3563,牧德,2267.47,71.53,50.33,51.63,42.34,
3576,聯合再生,8096.98,-6.46,-23.64,-23.21,-23.33,
3583,辛耘,3012.60,32.96,9.98,10.59,8.15,
3588,通嘉,822.05,36.68,4.60,6.20,4.22,
3591,艾笛森,2074.04,15.92,1.45,2.87,2.43,
3593,力銘,619.71,7.38,-10.53,-15.12,-17.03,
3596,智易科技,18632.09,12.54,4.05,4.48,3.59,
3605,宏致,5104.36,19.94,1.90,3.49,2.97,
3607,谷崧,4086.16,-3.07,-15.04,-13.91,-15.67,
3617,碩天科技,6183.07,42.87,10.00,11.71,8.47,
3622,洋華,635.65,17.44,-10.12,23.31,21.50,
3645,達邁,1767.84,34.46,21.47,22.28,17.04,
3653,健策,3460.30,23.66,10.16,12.92,10.42,
3661,世芯-KY,2656.36,44.68,15.60,15.19,12.29,
3665,貿聯-KY,15664.36,21.07,7.92,8.05,6.04,
3669,圓展,1593.86,46.10,1.40,2.02,1.33,
3673,TPK-KY,70836.68,3.73,-0.67,0.20,0.14,
3679,新至陞,3089.42,18.83,7.87,11.63,4.72,
3682,亞太電信,10843.79,10.66,-33.09,-31.73,-20.38,
3686,達能,442.97,-116.00,-126.24,-180.86,-180.41,
3694,海華科技,5027.86,11.00,-0.97,-0.95,-0.89,
3698,隆達,8636.88,14.89,0.92,1.81,1.41,
3701,大眾投控,4404.75,11.34,-8.83,7.76,7.55,
3702,大聯大,413306.81,4.33,1.94,1.76,1.43,
3703,欣陸投控,18703.89,13.22,8.31,10.04,9.67,
3704,合勤控,15063.00,19.53,-4.07,-3.54,-3.58,
3705,永信,5417.21,46.68,11.49,13.35,9.71,
3706,神達,23547.69,15.03,0.77,11.59,11.08,
3708,上緯投控,4395.04,15.96,1.19,18.71,16.11,
3711,日月光投控,257064.07,16.52,7.03,9.65,8.00,
4104,佳醫,4711.34,19.22,7.27,10.58,8.96,
4106,雃博,1537.25,40.99,5.80,6.77,4.83,
4108,懷特,83.40,47.70,-203.12,-133.91,-133.91,
4119,旭富製藥,1475.50,39.17,26.24,27.96,22.84,
4133,亞諾法,329.77,44.71,5.29,8.84,9.41,
4137,麗豐-KY,3239.25,81.76,34.73,38.54,27.77,
4141,龍燈-KY,6021.94,41.00,3.51,-0.55,-0.65,
4142,國光生技,415.76,-12.66,-86.68,-74.20,-74.20,
4144,康聯-KY,1668.44,50.22,7.87,11.58,6.95,
4148,全宇生技-KY,2216.90,29.72,14.80,16.24,14.37,
4155,訊映,817.80,26.26,11.59,18.54,14.76,
4164,承業醫,1844.85,31.02,19.40,15.84,12.82,
4190,佐登-KY,2272.47,76.70,22.54,23.18,16.93,
4306,炎洲,15161.02,12.15,3.72,2.89,2.25,
4414,如興,13304.26,14.29,0.51,-1.21,-1.42,
4426,利勤實業,1566.30,29.90,18.62,19.82,15.69,
4438,廣越,10245.64,18.09,10.70,10.24,7.96,
4526,東台,8347.93,23.45,3.87,3.78,3.38,
4532,瑞智精密,16857.62,15.60,8.01,7.57,5.49,
4536,拓凱,5587.85,28.17,12.71,15.82,10.87,
4540,全球傳動,2612.51,37.94,25.21,25.53,20.22,
4545,銘鈺,1496.52,14.66,-6.33,-4.65,-5.28,
4551,智伸科,3264.57,28.42,18.35,15.48,10.57,
4552,力達-KY,6005.67,23.62,16.51,16.39,10.75,
4555,台灣氣立,1304.75,37.99,12.89,14.49,10.96,
4557,永新-KY,1103.04,27.66,9.65,12.73,10.63,
4560,強信-KY,1362.45,42.28,24.67,24.98,17.96,
4562,穎漢科技,1090.91,37.43,13.16,14.34,10.77,
4564,元翎,1874.04,30.75,22.98,22.15,17.84,
4566,時碩工業,2604.07,20.42,5.11,10.66,7.33,
4720,德淵企業,2403.31,17.31,0.66,1.11,0.74,
4722,國精化學,3654.79,15.05,6.85,7.91,5.68,
4725,信昌化,11835.61,5.15,2.78,2.84,2.74,
4737,華廣,1385.24,43.67,8.47,5.80,4.79,
4739,康普材料,4835.06,13.74,10.15,10.04,8.07,
4746,台耀,1990.61,33.73,0.99,2.28,2.09,
4755,三福化工,3067.10,18.63,10.46,11.90,9.46,
4763,材料-KY,1273.48,22.64,8.18,11.75,12.77,
4764,雙鍵,3432.15,27.42,16.50,17.46,12.50,
4766,南寶,11755.74,23.41,5.26,6.35,4.74,
4807,日成-KY,2313.76,31.09,18.24,18.71,13.70,
4904,遠傳,64345.87,33.38,15.72,15.21,12.08,
4906,正文,12226.00,8.98,-1.09,0.12,-0.29,
4912,聯德控股-KY,4016.65,20.50,8.50,7.19,5.55,
4915,致伸,46289.26,11.92,2.96,3.75,3.06,
4916,事欣科,6462.55,24.21,5.17,4.95,3.92,
4919,新唐科技,7568.77,38.82,7.34,8.41,7.34,
4927,泰鼎-KY,8079.42,15.70,7.08,7.23,7.13,
4930,燦星網通,8371.75,12.57,-3.89,-2.42,-2.68,
4934,太極能源,2172.10,-30.67,-41.54,-55.92,-54.71,
4935,茂林-KY,3978.79,13.87,2.43,3.99,3.43,
4938,和碩,874154.18,3.28,0.84,1.04,0.86,
4942,嘉彰,5024.59,21.81,10.59,14.17,9.86,
4943,康控-KY,4419.24,39.22,24.53,24.43,16.13,
4952,凌通科技,2224.93,34.58,11.24,11.99,10.42,
4956,光鋐,891.84,19.73,1.30,1.85,1.48,
4958,臻鼎-KY,78770.87,20.56,10.38,10.40,8.17,
4960,誠美材,8809.65,2.97,-6.03,-10.01,-9.72,
4961,天鈺,6545.78,20.19,5.46,5.02,4.32,
4967,十銓,5331.66,7.17,3.33,3.80,2.89,
4968,立積,2043.83,32.07,7.62,8.19,6.73,
4976,佳凌,1301.56,12.65,2.25,3.97,3.73,
4977,眾達-KY,1423.65,27.49,13.63,15.24,15.35,
4989,榮科,2420.13,14.64,10.47,11.41,8.93,
4994,傳奇,672.85,78.01,-21.82,-23.71,-28.05,
4999,鑫禾,1793.25,36.86,23.98,27.82,19.14,
5007,三星科技,6044.56,23.30,17.79,18.35,14.53,
5203,訊連,1166.72,88.28,27.19,27.64,21.31,
5215,科嘉-KY,1332.46,21.68,9.52,13.81,10.31,
5225,東科-KY,6854.23,11.93,2.53,3.03,1.92,
5234,達興材料,3222.67,33.02,16.21,16.49,14.34,
5243,乙盛-KY,7368.64,14.08,3.74,4.58,3.36,
5258,虹堡,1575.02,30.12,-1.82,-0.57,-0.77,
5259,奕智博,111.22,-48.29,-75.87,-57.56,-57.75,
5264,鎧勝-KY,20314.66,-0.38,-11.27,-9.80,-10.75,
5269,祥碩科技,2561.38,47.29,28.46,29.54,24.91,
5283,禾聯碩,4284.35,37.48,19.41,20.61,16.13,
5284,jpp-KY,909.25,34.21,15.85,15.91,13.83,
5285,界霖,3864.32,18.59,10.05,9.99,8.13,
5288,豐祥-KY,3294.14,17.86,12.27,15.02,11.59,
5305,敦南科技,9306.56,27.69,10.44,16.14,11.53,
5388,中磊電子,23782.47,13.18,2.37,2.89,2.30,
5434,崇越科技,21446.18,11.76,5.25,6.28,4.62,
5469,瀚宇博德,32940.12,14.41,5.06,5.93,4.27,
5471,松翰科技,2386.23,38.77,9.09,13.78,11.72,
5484,慧友電子,338.47,-1.04,-51.08,-50.98,-39.73,
5515,建國工程,5000.90,11.32,6.24,6.11,3.29,
5519,隆大營建,1329.48,21.81,13.92,14.84,12.86,
5521,工信,2449.21,-0.86,-5.80,-4.70,-3.22,
5522,遠雄建設,16224.59,23.33,15.14,15.19,10.55,
5525,順天建設,2595.33,30.57,23.70,24.37,21.90,
5531,鄉林建設,5740.86,31.21,11.32,2.51,0.72,
5533,皇鼎建設,1845.29,30.56,16.97,13.63,11.63,
5534,長虹,10668.71,37.96,35.13,36.34,33.69,
5538,東明-KY,6627.68,16.41,9.66,9.02,7.15,
5607,遠雄港,1252.02,52.48,28.86,27.40,20.32,
5608,四維航業,2960.81,13.91,6.23,-8.36,-8.42,
5706,鳳凰旅遊,2243.07,13.07,5.31,6.74,5.64,
5871,中租-KY,36978.53,63.08,35.96,37.84,28.04,
5906,台南-KY,1158.41,56.73,0.77,-0.88,-1.68,
5907,大洋-KY,4515.91,76.83,13.89,12.29,6.79,
6108,競國實業,6795.81,14.97,5.82,9.88,6.81,
6112,聚碩,8505.06,9.26,3.60,3.77,2.98,
6115,鎰勝,5254.48,16.25,8.08,11.45,7.25,
6116,彩晶,13676.10,26.10,15.84,19.47,16.30,
6117,迎廣科技,1448.95,13.14,-12.76,-8.96,-8.89,
6120,達運,16275.07,6.47,-1.68,4.44,2.41,
6128,上福全球,5066.24,32.02,4.77,-0.51,-1.21,
6131,悠克國際,-492.40,104.77,128.47,161.19,161.19,
6133,金橋科技,769.39,19.24,-0.96,0.79,1.20,
6136,富爾特,421.66,28.51,-5.74,22.91,22.35,
6139,亞翔工程,17757.58,7.91,5.13,5.17,3.66,
6141,柏承科技,3053.30,12.26,3.13,1.78,0.67,
6142,友勁科技,2378.27,8.72,-9.37,-5.56,-5.60,
6152,百一電子,5155.38,8.02,-6.30,-6.33,-6.35,
6153,嘉聯益,10347.69,16.18,2.80,4.50,3.52,
6155,鈞寶,552.67,28.99,12.02,25.78,21.18,
6164,華興電子,862.76,28.99,-0.01,-0.43,0.52,
6165,捷泰精密,6.50,0.91,-133.70,42.70,42.70,
6166,凌華科技,7448.83,35.50,2.10,2.04,1.70,
6168,宏齊科技,2267.56,20.83,5.74,7.76,6.53,
6172,互億科技,265.74,1.31,-1.08,3.14,2.15,
6176,瑞儀光電,35874.12,14.92,8.25,11.78,9.07,
6177,達麗,705.87,29.13,-9.17,-15.72,-16.79,
6183,關貿,1108.04,43.06,24.42,25.47,20.46,
6184,大豐電,1467.27,41.22,23.96,23.75,17.76,
6189,豐藝電子,14957.90,8.88,3.93,3.84,3.00,
6191,精成科技,16580.92,12.13,2.98,3.15,2.05,
6192,巨路國際,4154.83,30.92,16.62,17.76,12.97,
6196,帆宣科技,18356.30,12.26,4.37,4.90,3.88,
6197,佳必琪,2576.77,17.88,3.66,10.48,8.55,
6201,亞弘電,2508.16,17.82,5.74,7.06,5.69,
6202,盛群,3674.53,49.37,23.05,25.30,21.92,
6205,詮欣,1203.84,30.15,10.95,13.76,9.80,
6206,飛捷,5417.13,28.85,14.26,14.39,12.15,
6209,今國光學,2691.37,4.99,-5.80,-3.92,1.11,
6213,聯茂,17252.97,14.69,8.43,9.56,7.24,
6214,精誠資訊,13984.42,25.85,3.82,7.97,6.86,
6215,和椿科技,1123.71,26.76,3.98,3.34,2.43,
6216,居易,730.31,50.08,20.25,23.37,19.55,
6224,聚鼎,1324.27,47.95,25.67,26.93,21.94,
6225,天瀚,5.42,-94.00,-289.66,-263.71,-263.71,
6226,光鼎電子,1062.16,26.74,6.52,5.71,4.31,
6230,超眾,5574.07,19.19,9.77,11.74,7.12,
6235,華孚科技,2831.30,19.69,3.87,4.75,3.84,
6239,力成,51399.68,21.03,15.10,14.89,11.70,
6243,迅杰,380.51,23.92,-16.03,-10.95,-10.95,
6251,定穎電子,9549.54,8.23,-0.65,-2.86,-2.89,
6257,矽格,7335.88,29.59,19.86,20.21,15.11,
6269,台郡科技,18387.34,17.05,8.98,10.35,7.55,
6271,同欣電子,5496.44,25.18,14.48,16.03,13.08,
6277,宏正科,3754.61,59.27,16.94,26.15,21.36,
6278,台表科,21592.27,10.24,4.22,3.05,1.56,
6281,全國電,13118.21,18.88,3.57,3.70,2.96,
6282,康舒,13701.68,13.06,-0.16,11.86,7.17,
6283,淳安電子,783.24,19.36,2.06,3.85,1.98,
6285,啟碁科技,40054.70,12.89,3.65,3.95,3.43,
6288,聯嘉光電,2523.22,20.09,5.46,6.26,4.72,
6289,華上光電,150.35,-76.70,-99.56,78.28,78.28,
6405,悅城科技,591.30,16.01,0.05,1.44,0.85,
6409,旭隼,8435.31,26.85,18.23,19.92,16.00,
6412,群光電能,22926.52,13.97,4.13,4.13,3.27,
6414,樺漢科技,45479.45,23.11,4.14,5.19,4.08,
6415,矽力-KY,7141.83,46.35,20.75,21.47,20.21,
6416,瑞祺電通,3028.59,19.44,10.10,10.80,8.58,
6431,光麗-KY,77.53,-8.19,-45.73,-7.17,-8.06,
6442,光聖,2029.59,16.00,3.42,6.58,4.98,
6443,元晶,2959.10,-21.38,-30.87,-27.37,-26.40,
6449,鈺邦科技,1701.11,26.77,14.66,13.59,11.19,
6451,訊芯-KY,2948.54,14.28,-2.95,3.22,2.68,
6452,康友-KY,3763.91,40.47,26.73,25.85,18.41,
6456,GIS-KY,76766.88,8.30,2.37,3.47,3.05,
6464,台數科,2188.59,44.80,26.04,27.92,21.47,
6477,安集,1348.07,21.62,16.83,13.82,11.98,
6504,南六,4979.41,18.76,11.67,13.00,9.04,
6505,台塑石化,575523.56,14.07,12.61,13.86,11.16,
6525,捷敏-KY,2546.23,30.46,22.44,29.41,24.10,
6531,愛普,3584.92,18.29,5.13,6.23,5.46,
6533,晶心科,179.13,99.80,-2.65,1.20,0.84,
6541,泰福-KY,0.00,0.00,0.00,0.00,0.00,
6552,易華電,1246.17,15.89,7.20,8.07,8.23,
6558,興能高,1226.91,24.34,10.02,12.75,9.28,
6573,虹揚-KY,1643.42,15.53,1.72,0.14,0.35,
6579,研揚科技,4323.00,30.43,7.70,18.86,17.32,
6581,鋼聯,1405.86,54.85,45.22,45.66,36.66,
6582,申豐,2907.62,21.26,13.45,14.40,11.67,
6591,動力-KY,951.18,20.84,7.74,10.22,6.73,
6605,帝寶工業,12078.92,25.27,9.31,7.61,5.80,
6625,必應,943.79,18.33,8.14,8.44,6.04,
6641,基士德-KY,1417.34,39.81,14.92,15.80,11.91,
6655,科定,1823.25,54.36,14.23,11.94,7.74,
6666,羅麗芬-KY,911.71,65.71,42.87,43.81,32.64,
6668,中揚光,939.23,43.81,23.38,23.08,16.15,
6669,緯穎,134440.53,6.03,4.05,4.08,3.20,
6670,復盛應用,11528.55,23.98,15.29,17.01,12.99,
6671,三能-KY,1390.11,38.08,11.63,12.61,9.63,
6672,騰輝電子-KY,4066.64,24.47,9.50,10.33,8.40,
6674,鋐寶科技,4543.97,13.33,3.90,4.07,3.47,
8011,台通,1464.62,14.40,-0.43,-2.29,-3.44,
8016,矽創電子,7503.38,27.03,9.88,10.79,9.66,
8021,尖點,2429.60,27.29,9.62,9.68,7.50,
8028,昇陽半導體,1548.18,33.89,13.39,12.03,8.55,
8033,雷虎科技,674.94,36.88,1.27,3.19,1.93,
8039,台虹科技,7233.32,21.49,10.62,9.00,6.89,
8046,南電,21080.14,-0.68,-6.13,-4.01,-4.01,
8070,長華電材,12036.79,15.02,9.19,11.15,8.13,
8072,陞泰,674.02,17.10,-4.42,0.44,-0.76,
8081,致新,3317.63,31.33,11.01,12.07,10.65,
8101,華冠通訊,5946.35,5.20,-10.81,-12.68,-12.67,
8103,瀚荃,2354.91,27.04,8.76,11.32,6.80,
8104,錸寶,1883.34,22.15,12.79,15.71,15.05,
8105,凌巨,7766.70,12.80,2.09,3.60,2.17,
8110,華東,6545.47,11.42,6.26,5.63,4.44,
8112,至上電子,108548.06,2.65,1.74,1.47,1.14,
8114,振樺電子,7150.62,32.67,7.72,11.32,9.53,
8131,福懋科技,6556.52,20.77,18.99,22.35,18.12,
8150,南茂科技,13507.73,16.99,9.68,8.08,4.34,
8163,達方電子,14937.34,21.94,9.92,9.99,7.90,
8201,無敵,983.26,13.48,-8.43,-3.72,-3.74,
8210,勤誠興業,4580.01,24.23,10.63,11.26,8.07,
8213,志超,17351.63,13.88,5.88,6.54,4.70,
8215,明基材料,9354.06,14.34,3.58,2.98,2.56,
8222,寶一科技,602.90,17.73,4.64,6.95,5.66,
8249,菱光科技,3409.34,12.05,4.92,7.35,4.51,
8261,富鼎,2084.69,18.43,6.84,7.23,6.06,
8271,宇瞻科技,7217.05,13.86,4.99,5.04,4.07,
8341,日友,1559.13,61.67,43.53,45.20,35.59,
8367,建新國際,1220.52,28.39,12.21,10.79,8.54,
8374,羅昇,2861.75,19.22,6.70,5.95,4.29,
8404,百和興業-KY,3345.57,38.01,12.15,8.56,5.54,
8411,福貞-KY,3940.94,8.80,-1.46,-2.89,-3.15,
8422,可寧衛,2596.53,64.85,51.56,51.92,39.86,
8427,基勝-KY,3568.70,16.59,-5.19,-7.26,-7.16,
8429,金麗-KY,2882.67,24.83,14.19,14.69,9.90,
8442,威宏-KY,4449.69,13.44,-0.57,0.23,0.19,
8443,阿瘦,1224.00,60.25,-1.08,-0.11,0.21,
8454,富邦媒,29625.28,10.17,3.28,3.30,3.50,
8462,柏文,2162.98,31.19,16.86,16.81,13.49,
8463,潤泰精材,1930.73,11.32,4.36,4.06,3.27,
8464,億豐,16037.70,44.95,21.30,22.87,16.87,
8466,美吉吉-KY,2154.11,20.88,7.77,9.60,7.52,
8467,波力-KY,1237.09,25.53,6.69,10.21,8.37,
8473,山林水,3148.49,21.66,17.25,16.22,12.06,
8478,東哥遊艇,1809.85,27.43,-4.67,-0.75,-1.52,
8480,泰昇-KY,1258.81,30.40,16.81,19.78,17.36,
8481,政伸,813.49,45.55,22.72,24.13,18.92,
8482,商億-KY,3271.15,40.13,23.21,24.45,22.17,
8488,吉源-KY,2719.56,7.13,-4.96,-9.51,-7.82,
8497,格威傳媒,1865.40,27.28,7.40,8.10,6.51,
8499,鼎炫-KY,1095.43,41.86,25.45,29.79,22.90,
8926,台汽電,3288.47,11.93,7.08,26.07,25.23,
8940,新天地,1013.32,45.36,-7.11,-7.42,-7.56,
8996,高力,1457.37,30.58,14.81,17.77,14.29,
9802,鈺齊-KY,7375.24,17.25,7.60,9.17,7.41,
9902,台火,56.22,4.60,-28.49,2.68,2.47,
9904,寶成工業,214663.30,25.48,4.51,7.00,5.72,
9905,大華金,5791.96,14.02,6.93,7.52,6.29,
9906,欣巴巴,272.61,24.63,-2.93,-5.45,-5.47,
9907,統一實業,26836.78,10.09,3.52,7.15,4.97,
9908,大台北,2999.71,21.88,15.71,25.15,20.99,
9910,豐泰企業,47631.29,23.93,10.97,13.04,8.80,
9911,台灣櫻花,4099.75,34.29,13.04,15.81,12.69,
9912,偉聯,545.02,32.44,2.45,2.15,1.64,
9914,美利達,19908.05,12.09,5.04,10.07,6.28,
9917,中保,9885.71,36.65,18.95,18.75,15.61,
9918,欣天然,1616.86,24.88,13.52,14.71,11.22,
9919,康那香,2659.87,15.22,-0.55,-0.23,-0.44,
9921,巨大機械,45419.96,20.34,6.71,7.23,4.68,
9924,台灣福興,6170.73,19.92,9.22,11.40,8.38,
9925,新光保全,5248.85,33.08,10.63,16.56,14.19,
9926,新海瓦斯,1666.36,22.82,15.58,18.86,15.61,
9927,泰銘,8155.07,7.13,5.13,5.32,3.80,
9928,中視,551.41,-15.77,-39.90,-33.32,-33.32,
9929,秋雨,522.33,8.82,-0.52,2.45,2.21,
9930,中聯資源,6787.43,15.98,11.14,11.16,8.74,
9931,欣高,1147.52,19.42,14.84,19.31,16.12,
9933,中鼎工程,43997.74,7.54,4.56,5.10,3.88,
9934,成霖企業,13513.91,26.73,3.24,3.89,2.95,
9935,慶豐富,3280.53,18.55,7.23,6.72,5.45,
9937,全國,17002.79,10.27,3.43,4.15,3.40,
9938,台灣百和,9036.94,37.55,17.89,16.42,11.54,
9939,宏全,15929.91,18.80,9.84,9.26,6.93,
9940,信義,7512.33,26.48,12.31,14.45,8.82,
9941,裕融企業,16955.26,45.12,16.30,16.19,11.71,
9942,茂順,2444.18,34.49,20.79,21.41,13.79,
9943,好樂迪,2281.38,57.52,21.19,34.18,29.89,
9944,新麗企業,2519.10,21.71,1.22,2.15,1.18,
9945,潤泰創新,10814.15,25.71,14.35,106.89,90.74,
9946,三發地產,918.92,31.47,19.09,18.27,15.40,
9955,佳龍,1691.08,-3.35,-8.50,-15.16,-14.89,
9958,世紀鋼構,1245.11,14.72,6.12,3.73,1.43,
