公司代號,公司名稱,當月營收,上月營收,去年當月營收,上月比較增減(%),去年同月增減(%),當月累計營收,去年累計營收,前期比較增減(%)
1101,台泥,10596314.0,10876929,11023422,-2.57,-3.87,35952645,35202634,2.13
1102,亞泥,8434811.0,8318969,7188266,1.39,17.34,27825416,23762145,17.09
1103,嘉泥,160751.0,166883,170887,-3.67,-5.93,613142,642144,-4.51
1104,環球水泥,418992.0,437140,385013,-4.15,8.82,1606289,1551110,3.55
1108,幸福水泥,323834.0,313093,280705,3.43,15.36,1158181,1113366,4.02
1109,信大水泥,753252.0,541582,545209,39.08,38.15,2113686,1606589,31.56
1110,東泥,118229.0,147819,117755,-20.01,0.40,535268,530247,0.94
1201,味全公司,1695994.0,1598137,1497842,6.12,13.22,6236394,5400590,15.47
1203,味王公司,469207.0,514903,482643,-8.87,-2.78,1971389,1938471,1.69
1210,大成長城,6424220.0,6130106,5558027,4.79,15.58,24702328,22757130,8.54
1213,大飲,28570.0,29047,36719,-1.64,-22.19,160968,185809,-13.36
1215,卜蜂企業,1739496.0,1686202,1686807,3.16,3.12,6774793,6644047,1.96
1216,統一,36918812.0,36804987,35313668,0.30,4.54,144694685,139601931,3.64
1217,愛之味,287677.0,313572,252532,-8.25,13.91,1283957,1280966,0.23
1218,泰山企業,592778.0,599053,656563,-1.04,-9.71,2366233,2524487,-6.26
1219,福壽實業,1038477.0,1055161,1019797,-1.58,1.83,4008884,3890159,3.05
1220,台榮,209667.0,208035,201953,0.78,3.81,822950,776481,5.98
1225,福懋油,889193.0,880257,897122,1.01,-0.88,3366963,3691793,-8.79
1227,佳格,1776586.0,1586997,1389082,11.94,27.89,9113752,8803555,3.52
1229,聯華實業,616100.0,420926,402230,46.36,53.17,1844754,1626672,13.40
1231,聯華食品,642774.0,631653,532319,1.76,20.74,2760844,2549269,8.29
1232,大統益,1328619.0,1437562,1392479,-7.57,-4.58,5487892,5510197,-0.40
1233,天仁,165999.0,180929,166293,-8.25,-0.17,735108,721446,1.89
1234,黑松,618002.0,543860,667340,13.63,-7.39,2763259,2983108,-7.36
1235,興泰,2555.0,1830,2037,39.61,25.42,7251,8083,-10.29
1236,宏亞食品,123213.0,94089,122198,30.95,0.83,623161,693741,-10.17
1702,南僑投控,1479700.0,1515180,1479443,-2.34,0.01,5697136,5749456,-0.90
1737,臺鹽,228226.0,236758,213260,-3.60,7.01,904274,894648,1.07
1301,台塑,19209008.0,18695341,19555897,2.74,-1.77,72221084,73723265,-2.03
1303,南亞塑膠,25074397.0,24967277,27904180,0.42,-10.14,95994516,110124171,-12.83
1304,台聚,4838177.0,4757905,5025991,1.68,-3.73,18326025,19690628,-6.93
1305,華夏,1322372.0,1153354,1031531,14.65,28.19,4550085,5175728,-12.08
1307,三芳化工,892304.0,1025298,725122,-12.97,23.05,3520546,3110484,13.18
1308,亞聚,622183.0,612209,511607,1.62,21.61,2331789,1837750,26.88
1309,台達化工,1588471.0,1602824,1926644,-0.89,-17.55,6188462,6767398,-8.55
1310,台苯,1058511.0,970745,1293172,9.04,-18.14,3995668,5297474,-24.57
1312,國喬石化,1880808.0,1647124,1834146,14.18,2.54,6886931,8248774,-16.50
1313,聯成,5712007.0,6149496,5740646,-7.11,-0.49,21096717,19354629,9.00
1314,中石化,2737182.0,2867391,3058618,-4.54,-10.50,10875213,12558803,-13.40
1315,達新工業,153983.0,192036,160132,-19.81,-3.83,669198,730866,-8.43
1321,大洋,399857.0,358700,385970,11.47,3.59,1443152,1575772,-8.41
1323,永裕,311253.0,302503,318127,2.89,-2.16,1157544,1143577,1.22
1324,地球工業,99656.0,108686,93946,-8.30,6.07,390595,355006,10.02
1325,�琱j,67408.0,68416,62915,-1.47,7.14,263061,292039,-9.92
1326,台化,28942093.0,32072473,33118193,-9.76,-12.60,120374763,132074745,-8.85
4306,炎洲,1470182.0,1378190,1945496,6.67,-24.43,5276088,6968673,-24.28
1402,遠東新,21737013.0,22458329,16960937,-3.21,28.15,83635864,68440671,22.20
1409,新纖,3549872.0,3535097,3502648,0.41,1.34,13399964,12724740,5.30
1410,南染,33432.0,33322,43453,0.33,-23.06,129781,166392,-22.00
1413,宏洲纖維,294785.0,315920,270618,-6.68,8.93,1182558,1171846,0.91
1414,東和,64024.0,78072,71220,-17.99,-10.10,275161,332692,-17.29
1416,廣豐,19058.0,18545,21707,2.76,-12.20,75136,78328,-4.07
1417,嘉裕,108302.0,96359,106437,12.39,1.75,481874,564595,-14.65
1418,東華,22990.0,43377,57970,-46.99,-60.34,105193,212690,-50.54
1419,新紡,146762.0,154998,137574,-5.31,6.67,551239,483200,14.08
1423,利華羊毛,63594.0,38900,56840,63.48,11.88,175694,275751,-36.28
1434,福懋興業,4285409.0,4419100,3872055,-3.02,10.67,16004256,14602478,9.59
1439,中和羊毛,17363.0,6578,26397,163.95,-34.22,72814,91429,-20.36
1440,南紡,1972090.0,2217452,1870378,-11.06,5.43,7737477,7877336,-1.77
1441,大東紡織,131661.0,155685,145656,-15.43,-9.60,508890,572334,-11.08
1443,立益紡織,63051.0,55594,101056,13.41,-37.60,240390,373368,-35.61
1444,力麗,1020252.0,1114135,1043306,-8.42,-2.20,4207330,4000108,5.18
1445,大宇紡織,124374.0,139759,134014,-11.00,-7.19,515772,508307,1.46
1446,宏和,43963.0,25731,51843,70.85,-15.19,127391,123149,3.44
1447,力鵬,1422954.0,1419677,1583088,0.23,-10.11,5248295,6383487,-17.78
1449,佳和實業,220943.0,196788,230541,12.27,-4.16,784548,765684,2.46
1451,年興紡織,639664.0,721011,696416,-11.28,-8.14,2736237,2446330,11.85
1452,宏益,178997.0,165643,147866,8.06,21.05,689826,680177,1.41
1453,大將,37.0,37,1577,0.00,-97.65,273,3751,-92.72
1454,台富,176514.0,165670,165104,6.54,6.91,648551,623190,4.06
1455,集盛,1117121.0,1147590,1293062,-2.65,-13.60,4660193,5405084,-13.78
1456,怡華,114232.0,56441,42774,102.39,167.05,309657,132765,133.23
1457,宜進,483979.0,471442,424864,2.65,13.91,1851136,1840519,0.57
1459,聯發紡織,294357.0,352140,282381,-16.40,4.24,1209808,1159620,4.32
1460,宏遠,734719.0,795573,750487,-7.64,-2.10,2986621,3120977,-4.30
1463,強盛染整,47524.0,53502,43396,-11.17,9.51,201899,390644,-48.31
1464,得力實業,815113.0,887459,709725,-8.15,14.84,3084441,2764654,11.56
1465,偉全實業,92688.0,123676,129541,-25.05,-28.44,393917,496416,-20.64
1466,聚隆,305811.0,358557,323879,-14.71,-5.57,1304089,1280329,1.85
1467,南緯實業,611395.0,499654,691490,22.36,-11.58,2168898,2095705,3.49
1468,昶和纖維,94992.0,93910,84085,1.15,12.97,330432,254716,29.72
1470,大統新創,73403.0,85503,59850,-14.15,22.64,282900,231847,22.02
1472,三洋紡,27124.0,36607,36288,-25.90,-25.25,106551,219704,-51.50
1473,台南企業,391520.0,745383,578803,-47.47,-32.35,2508184,2794461,-10.24
1474,弘裕,304444.0,333464,295293,-8.70,3.09,1168381,1163465,0.42
1475,本盟光電,4594.0,4857,3568,-5.41,28.75,18920,19241,-1.66
1476,儒鴻,2040691.0,2218399,2314978,-8.01,-11.84,8285669,8895147,-6.85
1477,聚陽實業,1819006.0,2500439,1617784,-27.25,12.43,8538581,6748872,26.51
4414,如興,878159.0,959703,1099403,-8.49,-20.12,4165571,4702692,-11.42
4426,利勤實業,235561.0,233383,167805,0.93,40.37,870800,727999,19.61
4438,廣越,747694.0,865284,497187,-13.58,50.38,3115001,1659504,87.70
1503,士電,1952433.0,2326833,2058764,-16.09,-5.16,8618109,7833388,10.01
1504,東元電機,3883445.0,4099679,4313688,-5.27,-9.97,15363264,16591676,-7.40
1506,正道,107664.0,120979,106492,-11.00,1.10,403274,423153,-4.69
1507,永大機電,1035330.0,1061747,1269902,-2.48,-18.47,4192264,5420029,-22.65
1513,中興電,860310.0,867703,1011622,-0.85,-14.95,3537177,3571241,-0.95
1514,亞力電機,417216.0,417577,312759,-0.08,33.39,1521445,1351478,12.57
1515,力山,634330.0,579314,350918,9.49,80.76,2642873,1365812,93.50
1517,利奇機械,248372.0,266702,236028,-6.87,5.22,977105,911358,7.21
1519,華城電機,450377.0,575665,383467,-21.76,17.44,1681530,1631348,3.07
1526,日馳,104555.0,84340,103607,23.96,0.91,343883,394881,-12.91
1527,鑽全,315568.0,319745,316159,-1.30,-0.18,1236924,1227136,0.79
1528,恩德,322028.0,339249,474294,-5.07,-32.10,1261913,1739719,-27.46
1529,樂士,5208.0,24792,5430,-78.99,-4.08,62184,48398,28.48
1530,亞崴機電,260772.0,313173,453868,-16.73,-42.54,1098468,1534355,-28.40
1531,高林股,215510.0,225456,216980,-4.41,-0.67,816797,799788,2.12
1532,勤美,1099565.0,1596895,1346291,-31.14,-18.32,4864717,4874361,-0.19
1535,中宇,682762.0,857147,828833,-20.34,-17.62,3401950,3358358,1.29
1537,廣隆光電,655797.0,743917,679289,-11.84,-3.45,2664101,2662544,0.05
1538,正峰新,20565.0,29396,36354,-30.04,-43.43,98839,156673,-36.91
1539,巨庭機械,188440.0,212366,202041,-11.26,-6.73,830322,945044,-12.13
1540,喬福機械,72586.0,52580,42011,38.04,72.77,230186,139111,65.46
1541,錩泰,383227.0,328741,346278,16.57,10.67,1294869,1068991,21.13
1558,伸興,537176.0,397511,448523,35.13,19.76,1613072,1484647,8.65
1560,中砂,400295.0,417177,402504,-4.04,-0.54,1642219,1631121,0.68
1583,程泰,462119.0,562649,820702,-17.86,-43.69,1986206,2756017,-27.93
2049,上銀科技,1957222.0,1880117,2462095,4.10,-20.50,7005218,9015166,-22.29
2371,大同,2805065.0,2862887,5355186,-2.01,-47.61,10943874,21808690,-49.81
3167,大量科技,175636.0,147124,346009,19.37,-49.23,622358,1316443,-52.72
4526,東台,684094.0,1282165,1186515,-46.64,-42.34,3636164,3332991,9.09
4532,瑞智精密,2356716.0,2072428,2187252,13.71,7.74,7682380,8111709,-5.29
4540,全球傳動,192332.0,182598,320476,5.33,-39.98,695262,1066336,-34.79
4555,台灣氣立,120545.0,138278,158490,-12.82,-23.94,458993,537114,-14.54
4562,穎漢科技,99219.0,91931,125040,7.92,-20.65,357144,446661,-20.04
4564,元翎,292470.0,254504,213173,14.91,37.19,1034433,829933,24.64
4566,時碩工業,348746.0,311372,266838,12.00,30.69,1248472,1131998,10.28
4572,駐龍,77363.0,68815,62863,12.42,23.06,294188,226741,29.74
4576,大銀微系統,203471.0,201199,213524,1.12,-4.70,675602,879049,-23.14
8222,寶一科技,76260.0,60819,55632,25.38,37.07,268438,284712,-5.71
8374,羅昇,307295.0,301868,346454,1.79,-11.30,1049240,1260514,-16.76
8996,高力,168824.0,150592,152296,12.10,10.85,700535,524882,33.46
1603,華電,282191.0,215561,182246,30.91,54.84,735822,767632,-4.14
1604,聲寶,672274.0,592920,645659,13.38,4.12,2439352,2528145,-3.51
1605,華新,14156462.0,13674394,19606325,3.52,-27.79,51209199,70644671,-27.51
1608,華榮,602601.0,696543,697045,-13.48,-13.54,2466404,2949462,-16.37
1609,大亞電線,1584250.0,1748069,1530805,-9.37,3.49,5969531,5905279,1.08
1611,中電,204744.0,194660,221983,5.18,-7.76,778574,861450,-9.62
1612,宏泰,291449.0,381913,284799,-23.68,2.33,1202856,1240118,-3.00
1614,三洋電,499403.0,394377,416565,26.63,19.88,1727861,1658031,4.21
1615,大山,187053.0,223778,273273,-16.41,-31.55,809814,1052113,-23.02
1616,億泰,200227.0,255063,216830,-21.49,-7.65,815385,1013488,-19.54
1617,榮星電線,258459.0,251229,281286,2.87,-8.11,927568,1157245,-19.84
1618,合機公司,158173.0,184265,194853,-14.16,-18.82,635448,608171,4.48
4930,燦星網通,953825.0,862290,871524,10.61,9.44,3424893,3053814,12.15
5283,禾聯碩,450212.0,446240,406399,0.89,10.78,1612406,1587933,1.54
1708,東鹼,385650.0,385178,364905,0.12,5.68,1302384,1438397,-9.45
1709,和益化工,748893.0,788025,801132,-4.96,-6.52,2755329,3251269,-15.25
1710,東聯,2212407.0,2403265,3032037,-7.94,-27.03,8812375,10918109,-19.28
1711,永光化學,847429.0,835288,832614,1.45,1.77,3150793,3150706,0.00
1712,興農,1465595.0,1747958,1633851,-16.15,-10.29,6048080,5880767,2.84
1713,國化,51639.0,45291,45308,14.01,13.97,203204,225874,-10.03
1714,和桐化學,2527976.0,2605677,3153461,-2.98,-19.83,9088585,9441067,-3.73
1717,長興材料,3554479.0,3948143,4022068,-9.97,-11.62,12992296,13937621,-6.78
1718,中纖,3154830.0,3068116,3302058,2.82,-4.45,12862478,13277011,-3.12
1721,三晃,265931.0,292415,265122,-9.05,0.30,1126658,1087900,3.56
1722,台肥,1145866.0,952245,955373,20.33,19.93,4646146,4126278,12.59
1723,中碳,631257.0,744685,675634,-15.23,-6.56,2650384,2688151,-1.40
1724,台硝,159847.0,140341,178459,13.89,-10.42,604879,648930,-6.78
1725,元禎,858623.0,750178,925924,14.45,-7.26,3099332,3433551,-9.73
1726,永記造漆,618665.0,608459,677884,1.67,-8.73,2516278,2766590,-9.04
1727,中華化學,203815.0,188872,225793,7.91,-9.73,758808,919255,-17.45
1730,花仙子,318467.0,287600,151392,10.73,110.35,1322238,699706,88.97
1732,毛寶,48512.0,45782,51674,5.96,-6.11,196143,194509,0.84
1735,日勝化,273969.0,304661,308269,-10.07,-11.12,981484,1190288,-17.54
1773,勝一化工,598721.0,574735,654416,4.17,-8.51,2285594,2446401,-6.57
1776,展宇,156968.0,152831,163600,2.70,-4.05,561941,626166,-10.25
3708,上緯投控,566613.0,668982,509284,-15.30,11.25,2089723,1658089,26.03
4720,德淵企業,274170.0,286341,251076,-4.25,9.19,1019610,980261,4.01
4722,國精化學,407465.0,398863,408522,2.15,-0.25,1538541,1609260,-4.39
4725,信昌化,1239157.0,815804,1441684,51.89,-14.04,3742363,4937852,-24.21
4739,康普材料,546626.0,521909,513070,4.73,6.54,2102063,2123845,-1.02
4755,三福化工,368633.0,319050,344869,15.54,6.89,1328927,1369067,-2.93
4764,雙鍵,340329.0,311579,480503,9.22,-29.17,1242096,1535798,-19.12
4766,南寶,1463933.0,1436050,1315185,1.94,11.31,5225222,4822032,8.36
1598,岱宇國際,452865.0,575371,401232,-21.29,12.86,2234354,1921220,16.29
1701,中化,668917.0,635777,629158,5.21,6.31,2663104,2622850,1.53
1707,葡萄王,762623.0,785123,779918,-2.86,-2.21,2776278,2716203,2.21
1720,生達化學,321953.0,257017,254076,25.26,26.71,1168129,1017286,14.82
1731,美吾華,97190.0,97974,83023,-0.80,17.06,412665,386335,6.81
1733,五鼎,193298.0,183152,153134,5.53,26.22,718232,629303,14.13
1734,杏輝藥品,167973.0,228404,150149,-26.45,11.87,738909,710572,3.98
1736,喬山健康,1843157.0,1989341,1384630,-7.34,33.11,7179969,5869845,22.31
1760,寶齡富錦,140617.0,107026,76262,31.38,84.38,498038,339054,46.89
1762,中化合成,71108.0,114851,84465,-38.08,-15.81,416572,360430,15.57
1783,和康生技,32453.0,39676,30215,-18.20,7.40,124689,136652,-8.75
1786,科妍,23105.0,36578,15338,-36.83,50.63,127541,119423,6.79
1789,台灣神隆,126164.0,228181,285499,-44.70,-55.80,898209,1146786,-21.67
3164,景岳生技,20427.0,47212,31386,-56.73,-34.91,111515,127519,-12.55
3705,永信,696808.0,601104,553422,15.92,25.90,2489947,2301381,8.19
4104,佳醫,486088.0,540312,484872,-10.03,0.25,2084601,2036634,2.35
4106,雃博,146171.0,210784,171349,-30.65,-14.69,661750,670706,-1.33
4108,懷特,8128.0,17215,8587,-52.78,-5.34,39149,38128,2.67
4119,旭富製藥,201902.0,176680,151153,14.27,33.57,805589,576799,39.66
4133,亞諾法,32308.0,38771,37163,-16.66,-13.06,140889,146534,-3.85
4142,國光生技,26612.0,25255,3324,5.37,700.60,86798,73569,17.98
4155,訊映,81757.0,120887,89339,-32.36,-8.48,363683,384139,-5.32
4164,承業醫,270559.0,271655,222574,-0.40,21.55,901551,626829,43.82
4737,華廣,198277.0,147566,124682,34.36,59.02,562468,510315,10.21
4746,台耀,215866.0,213461,200090,1.12,7.88,867384,812700,6.72
1802,台玻,3319249.0,3462972,3887949,-4.15,-14.62,12207420,14903258,-18.08
1806,冠軍,503642.0,421429,568653,19.50,-11.43,1343015,1493196,-10.05
1809,中釉,203641.0,198148,216770,2.77,-6.05,696410,760593,-8.43
1810,和成,454667.0,464758,429987,-2.17,5.73,1649616,1673933,-1.45
1817,凱撒衛浴,206826.0,198774,190441,4.05,8.60,702987,722928,-2.75
1902,台紙,378644.0,400114,238230,-5.36,58.94,1415905,909871,55.61
1903,士紙,16023.0,11997,14503,33.55,10.48,62058,85091,-27.06
1904,正隆,3270575.0,3111773,3481756,5.10,-6.06,12422253,13559752,-8.38
1905,華紙,1839746.0,2002851,1931718,-8.14,-4.76,7222394,7683544,-6.00
1906,寶隆國際,78966.0,91282,170969,-13.49,-53.81,451641,794353,-43.14
1907,永豐餘,6304411.0,6409025,6037058,-1.63,4.42,23670695,23856550,-0.77
1909,榮成紙業,4151146.0,3995465,4827849,3.89,-14.01,15550916,16068298,-3.21
2002,中鋼,33167382.0,32939378,31934984,0.69,3.85,129397013,125324646,3.24
2006,東和鋼鐵,3594361.0,4520655,3579834,-20.49,0.40,15102314,12356529,22.22
2007,燁興公司,544030.0,620715,722044,-12.35,-24.65,2415245,3085022,-21.71
2008,高興昌,104792.0,163090,112752,-35.74,-7.05,525422,395329,32.90
2009,第一伸銅,196095.0,231490,274128,-15.29,-28.46,788986,1061118,-25.64
2010,春源鋼鐵,1315862.0,1389202,1709878,-5.27,-23.04,5185331,5895643,-12.04
2012,春雨,757726.0,897500,863551,-15.57,-12.25,3051558,3212186,-5.00
2013,中鋼構,1803066.0,1674336,1833519,7.68,-1.66,6538278,5800761,12.71
2014,中鴻,4306539.0,4541311,3890414,-5.16,10.69,16290489,15017325,8.47
2015,豐興鋼鐵,2435220.0,2507866,2602543,-2.89,-6.42,9461728,9364130,1.04
2017,官田鋼,339243.0,447924,406971,-24.26,-16.64,1464658,1529472,-4.23
2020,美亞鋼管,349051.0,742331,387608,-52.97,-9.94,1704224,1574592,8.23
2022,聚亨,981207.0,1111123,637390,-11.69,53.94,4176056,2971333,40.54
2023,燁輝,5193871.0,5589016,5772964,-7.07,-10.03,20364904,24589085,-17.17
2024,志聯工業,117513.0,114675,112460,2.47,4.49,427979,493179,-13.22
2025,千興,183543.0,61079,276787,200.50,-33.68,472493,1249810,-62.19
2027,大成鋼,7069434.0,7083908,7097468,-0.20,-0.39,28403483,28903397,-1.72
2028,威致鋼鐵,826360.0,971608,916927,-14.94,-9.87,3479255,3850239,-9.63
2029,盛餘,892533.0,904839,1036159,-1.36,-13.86,3282551,4254583,-22.84
2030,彰源,964570.0,1137583,1209656,-15.20,-20.26,3937133,4352642,-9.54
2031,新光鋼,634968.0,692765,706009,-8.34,-10.06,2623920,3067025,-14.44
2032,新鋼工業,222187.0,228436,261872,-2.73,-15.15,909236,1073404,-15.29
2033,佳大世界,78026.0,75072,86551,3.93,-9.84,284968,258498,10.23
2034,允強,1438624.0,1468449,1642533,-2.03,-12.41,5461586,6344670,-13.91
2038,海光企業,745003.0,793264,682089,-6.08,9.22,2879874,2847136,1.14
2069,運錩,751917.0,779572,817366,-3.54,-8.00,2746481,2832064,-3.02
3004,豐達科技,225153.0,207796,175488,8.35,28.30,860234,665301,29.29
5007,三星科技,588623.0,602195,634815,-2.25,-7.27,2431830,2666514,-8.80
9958,世紀鋼構,128912.0,179153,114684,-28.04,12.40,529740,527482,0.42
2101,南港輪胎,1017709.0,1004749,911276,1.28,11.67,3750280,3272548,14.59
2102,泰豐輪胎,405057.0,425736,412523,-4.85,-1.80,1566419,1801829,-13.06
2103,台橡,2650505.0,2617561,2478237,1.25,6.95,10211500,9995226,2.16
2104,國際中橡,2068116.0,2097651,2073000,-1.40,-0.23,8137009,7489609,8.64
2105,正新,9601440.0,10032370,9003662,-4.29,6.63,36328266,36732475,-1.10
2106,建大,3025461.0,2895930,2934115,4.47,3.11,10671763,10811031,-1.28
2107,厚生,255919.0,168462,127061,51.91,101.41,780058,456674,70.81
2108,南帝化工,1110347.0,1116967,1020453,-0.59,8.80,4283055,4080808,4.95
2109,華豐橡膠,378349.0,447388,394119,-15.43,-4.00,1601042,1693638,-5.46
2114,鑫永銓,141626.0,140695,152956,0.66,-7.40,535031,568439,-5.87
6582,申豐,235518.0,266938,338699,-11.77,-30.46,1042433,1249799,-16.59
1319,東陽,1817693.0,1973057,1878025,-7.87,-3.21,7127586,8123163,-12.25
1339,昭輝,234720.0,239497,231014,-1.99,1.60,877419,954489,-8.07
1512,瑞利,141025.0,170289,203305,-17.18,-30.63,558411,917590,-39.14
1521,大億,424421.0,704140,563254,-39.72,-24.64,1889834,2102091,-10.09
1522,堤維西,1628524.0,1538749,1167576,5.83,39.47,5968674,5447228,9.57
1524,耿鼎企業,200517.0,214550,171783,-6.54,16.72,795578,781816,1.76
1525,江申工業,122784.0,135852,93020,-9.61,31.99,475110,371447,27.90
1533,車王電,231081.0,238800,216170,-3.23,6.89,887437,929294,-4.50
1536,和大工業,509843.0,502632,604302,1.43,-15.63,1989780,2372345,-16.12
1568,倉佑,173325.0,168586,236913,2.81,-26.84,628882,981457,-35.92
1587,吉茂,129316.0,126594,107286,2.15,20.53,457718,403140,13.53
2201,裕隆汽車,7154796.0,7055583,7221122,1.40,-0.91,28190846,30952435,-8.92
2204,中華汽車,2636396.0,2830222,2875094,-6.84,-8.30,11362855,13287027,-14.48
2206,三陽工業,2923511.0,2900702,2570684,0.78,13.72,10812588,10286305,5.11
2207,和泰汽車,19485398.0,15908022,14139052,22.48,37.81,61933624,60569912,2.25
2227,裕隆日產,1978421.0,2760116,2492404,-28.32,-20.62,10814649,10850851,-0.33
2228,劍麟,392396.0,377473,361477,3.95,8.55,1482197,1369885,8.19
2231,為升,313860.0,386264,335791,-18.74,-6.53,1326647,1348032,-1.58
2497,怡利電子,200368.0,219718,173304,-8.80,15.61,737303,726378,1.50
3346,麗清,399314.0,320830,346917,24.46,15.10,1383531,1406288,-1.61
4551,智伸科,406177.0,392699,365792,3.43,11.04,1519224,1465376,3.67
6288,聯嘉光電,357673.0,365807,291370,-2.22,22.75,1363005,1115454,22.19
6605,帝寶工業,1185850.0,1458772,1301455,-18.70,-8.88,5290082,5481439,-3.49
2302,麗正,40408.0,38268,42020,5.59,-3.83,151277,156902,-3.58
2303,聯電,12082275.0,10325739,12411996,17.01,-2.65,44665234,49909133,-10.50
2329,華泰電子,1480791.0,1372384,1170447,7.89,26.51,5376815,4309098,24.77
2330,台積電,74693615.0,79721587,81869781,-6.30,-8.76,293398084,329948452,-11.07
2337,旺宏,2085374.0,1964214,2901824,6.16,-28.13,8114273,11962959,-32.17
2338,光罩,259069.0,232891,253232,11.24,2.30,970323,871110,11.38
2342,茂矽,82713.0,115536,151475,-28.40,-45.39,451375,585626,-22.92
2344,華邦電,3903846.0,3734172,4488725,4.54,-13.02,14790614,16644908,-11.14
2351,順德,787118.0,784298,845830,0.35,-6.94,3051843,3260034,-6.38
2363,矽統科技,18871.0,34874,17296,-45.88,9.10,80490,58457,37.69
2369,菱生,355940.0,348688,412403,2.07,-13.69,1346363,1830479,-26.44
2379,瑞昱,4872021.0,4494505,3753531,8.39,29.79,17706663,14379897,23.13
2388,威盛電子,483971.0,499008,323197,-3.01,49.74,1738960,1357300,28.11
2401,凌陽科技,501650.0,466816,599094,7.46,-16.26,1681250,2028673,-17.12
2408,南亞科,4110913.0,3718792,7680634,10.54,-46.47,15482718,26478073,-41.52
2434,統懋,17832.0,13071,28497,36.42,-37.42,57780,116305,-50.32
2436,偉詮電,182221.0,177430,218421,2.70,-16.57,682665,808447,-15.55
2441,超豐電子,963858.0,939492,1064212,2.59,-9.42,3507260,4116900,-14.80
2449,京元電子,1920944.0,1839898,1610775,4.40,19.25,7181068,6191565,15.98
2451,創見資訊,1071629.0,1222020,1450911,-12.30,-26.14,4751549,6250475,-23.98
2454,聯發科,21553235.0,22318664,19014978,-3.42,13.34,74275128,68668965,8.16
2458,義隆,696720.0,609800,657652,14.25,5.94,2577334,2436890,5.76
2481,強茂,761110.0,755935,1043893,0.68,-27.08,2808862,3878150,-27.57
3006,晶豪科技,1026710.0,900282,966752,14.04,6.20,3651075,3776268,-3.31
3014,聯陽,279254.0,238029,271849,17.31,2.72,1013617,1070945,-5.35
3016,嘉晶,335460.0,328441,358915,2.13,-6.53,1349620,1300261,3.79
3034,聯詠,5520124.0,5211646,4175639,5.91,32.19,20466560,14641512,39.78
3035,智原,354076.0,403381,320644,-12.22,10.42,1451455,1363584,6.44
3041,揚智,126378.0,137276,203806,-7.93,-37.99,683352,755742,-9.57
3054,立萬利,5560.0,8948,14544,-37.86,-61.77,29735,66368,-55.19
3094,聯傑國際,18111.0,16588,23361,9.18,-22.47,65492,84707,-22.68
3189,景碩科技,1865849.0,1636398,1836374,14.02,1.60,6784920,7088131,-4.27
3257,虹冠電,40698.0,42488,72663,-4.21,-43.99,155074,292588,-46.99
3413,京鼎,617460.0,536967,887950,14.99,-30.46,2217021,3160696,-29.85
3443,創意電子,784097.0,905617,973123,-13.41,-19.42,3345392,3731497,-10.34
3530,晶相光,182528.0,173021,174948,5.49,4.33,533664,642992,-17.00
3532,台勝科,960113.0,1266919,1347014,-24.21,-28.72,4602658,5165773,-10.90
3536,誠創科技,132496.0,95848,114455,38.23,15.76,370832,430108,-13.78
3545,敦泰,770371.0,725860,865069,6.13,-10.94,2410314,3477730,-30.69
3583,辛耘,318625.0,419564,340719,-24.05,-6.48,1366818,1034587,32.11
3588,通嘉,81018.0,80503,93381,0.63,-13.23,317837,333677,-4.74
3686,達能,9295.0,10241,74903,-9.23,-87.59,60500,335811,-81.98
3711,日月光投控,29051464.0,29566029,0,-1.74,,117912910,0,
4919,新唐科技,785056.0,826387,879139,-5.00,-10.70,2834877,3121714,-9.18
4952,凌通科技,262763.0,232888,275224,12.82,-4.52,791861,885845,-10.60
4961,天鈺,801296.0,845174,691073,-5.19,15.94,2960705,2390432,23.85
4967,十銓,522334.0,620772,507617,-15.85,2.89,2215091,2138691,3.57
4968,立積,184573.0,150094,231284,22.97,-20.19,609892,893556,-31.74
5269,祥碩科技,295631.0,327373,211027,-9.69,40.09,1343835,939649,43.01
5285,界霖,382228.0,383933,428267,-0.44,-10.75,1483290,1667679,-11.05
5305,敦南科技,944522.0,963705,1092915,-1.99,-13.57,3568083,3778598,-5.57
5471,松翰科技,291081.0,251689,283086,15.65,2.82,908389,898837,1.06
6202,盛群,402155.0,381338,423248,5.45,-4.98,1440011,1508949,-4.56
6239,力成,4886141.0,4918536,5575589,-0.65,-12.36,19318300,21485160,-10.08
6243,迅杰,43909.0,43558,38898,0.80,12.88,163651,136758,19.66
6257,矽格,668422.0,829375,822190,-19.40,-18.70,2688271,3029327,-11.25
6271,同欣電子,636002.0,548229,606040,16.01,4.94,2251328,2330162,-3.38
6531,愛普,213890.0,210207,353306,1.75,-39.46,881261,1528967,-42.36
6533,晶心科,35058.0,22006,21800,59.31,60.81,113444,56481,100.85
6552,易華電,255445.0,251804,120318,1.44,112.30,987680,476224,107.39
8016,矽創電子,1104244.0,983539,860299,12.27,28.35,3665837,2935023,24.89
8028,昇陽半導體,212824.0,216312,164797,-1.61,29.14,807774,627554,28.71
8081,致新,427319.0,402370,321267,6.20,33.01,1547996,1310642,18.10
8110,華東,542949.0,522473,724109,3.91,-25.01,2170333,2924812,-25.79
8131,福懋科技,743227.0,787262,750500,-5.59,-0.96,2916193,2798236,4.21
8150,南茂科技,1559515.0,1583629,1419069,-1.52,9.89,6021522,5430027,10.89
8261,富鼎,182918.0,184774,226586,-1.00,-19.27,682146,786584,-13.27
8271,宇瞻科技,622210.0,632474,750876,-1.62,-17.13,2565633,3245321,-20.94
2301,光寶科技,13534890.0,14711282,16567947,-7.99,-18.30,54727413,65093534,-15.92
2305,全友電腦,30050.0,50477,78995,-40.46,-61.95,142523,198179,-28.08
2324,仁寶電腦,81821066.0,86125640,69411149,-4.99,17.87,292420500,265511504,10.13
2331,精英,2534665.0,2719886,2233489,-6.80,13.48,8845329,8491935,4.16
2352,佳世達,12901390.0,14471211,11669891,-10.84,10.55,52755114,47323972,11.47
2353,宏��,13999083.0,23553435,16278799,-40.56,-14.00,68679630,71050888,-3.33
2356,英業達,39209842.0,43375200,38372327,-9.60,2.18,154074723,143181704,7.60
2357,華碩,19995426.0,38172856,20712270,-47.61,-3.46,105924650,113330444,-6.53
2362,藍天,1605010.0,2648392,1607756,-39.39,-0.17,7249218,6592764,9.95
2364,倫飛電腦,56631.0,97753,78813,-42.06,-28.14,243360,314585,-22.64
2365,昆盈企業,133692.0,131893,191620,1.36,-30.23,485177,621796,-21.97
2376,技嘉,4386381.0,6853503,4999108,-35.99,-12.25,20417532,25175880,-18.90
2377,微星科技,8539331.0,10407854,9943951,-17.95,-14.12,38027252,41726145,-8.86
2380,虹光精密,147291.0,151725,156846,-2.92,-6.09,539894,714617,-24.44
2382,廣達,78126788.0,73542812,69242981,6.23,12.82,299457083,290170631,3.20
2387,精元電腦,912984.0,1042807,678219,-12.44,34.61,3345309,3003726,11.37
2395,研華,4657548.0,4553346,3780766,2.28,23.19,16958138,15135961,12.03
2397,友通資訊,574033.0,522990,366225,9.75,56.74,2017944,1524266,32.38
2399,映泰,167115.0,239148,236597,-30.12,-29.36,753799,1272368,-40.75
2405,浩鑫,386333.0,300171,355345,28.70,8.72,1175191,1498990,-21.60
2417,圓剛,245666.0,233325,188826,5.28,30.10,906392,721307,25.65
2424,隴華電子,194.0,3,814,6366.66,-76.16,602,2097,-71.29
2425,承啟,457884.0,396969,343750,15.34,33.20,1310979,1296856,1.08
2442,新美齊,400040.0,444228,171852,-9.94,132.78,1499629,692763,116.47
2465,麗臺科技,278620.0,271181,302013,2.74,-7.74,1099169,976363,12.57
3002,歐格電子,54843.0,54382,57503,0.84,-4.62,206510,196965,4.84
3005,神基科技,2134899.0,1937544,1824041,10.18,17.04,7819363,7378027,5.98
3013,晟銘電子,444256.0,485749,381836,-8.54,16.34,1832468,1469220,24.72
3017,奇鋐科技,3251798.0,2471678,2344134,31.56,38.72,10166021,8843021,14.96
3022,威強電,400335.0,549603,473888,-27.15,-15.52,1886466,1786342,5.60
3046,建��,168906.0,155010,106660,8.96,58.35,612654,424278,44.39
3057,喬鼎資訊,92053.0,100968,160503,-8.82,-42.64,385262,609620,-36.80
3060,銘異,482406.0,458556,573607,5.20,-15.89,1916018,2319693,-17.40
3231,緯創,63549753.0,73627766,57761491,-13.68,10.02,269763553,274814416,-1.83
3416,融程電訊,151239.0,135184,110827,11.87,36.46,552582,500022,10.51
3494,誠研科技,97097.0,78172,89545,24.20,8.43,329497,340738,-3.29
3515,華擎,902442.0,973045,785354,-7.25,14.90,3725803,3422053,8.87
3701,大眾投控,636823.0,653908,399185,-2.61,59.53,2440587,1746840,39.71
3706,神達,2156414.0,2486838,2341885,-13.28,-7.91,9649134,10592654,-8.90
3712,永崴,637875.0,602374,0,5.89,,2588029,0,
4916,事欣科,565112.0,669478,719129,-15.58,-21.41,2308120,2793529,-17.37
4938,和碩,112570141.0,90015403,104339186,25.05,7.88,406864676,385232523,5.61
5258,虹堡,270260.0,256573,214026,5.33,26.27,968749,820716,18.03
6117,迎廣科技,166461.0,139614,158385,19.22,5.09,593176,673887,-11.97
6128,上福全球,535488.0,579542,565510,-7.60,-5.30,2231800,2260791,-1.28
6166,凌華科技,815699.0,1033221,785419,-21.05,3.85,3477084,3045599,14.16
6172,互億科技,48238.0,62777,27024,-23.15,78.50,195513,111433,75.45
6206,飛捷,469629.0,518630,720253,-9.44,-34.79,1903618,2449689,-22.29
6230,超眾,703286.0,622929,561483,12.89,25.25,2551962,2208841,15.53
6235,華孚科技,170050.0,261699,300331,-35.02,-43.37,939483,1129420,-16.81
6277,宏正科,389662.0,415013,415672,-6.10,-6.25,1545580,1689168,-8.50
6414,樺漢科技,5755357.0,6157713,3725206,-6.53,54.49,23287146,14549374,60.05
6579,研揚科技,483455.0,678749,408587,-28.77,18.32,2024724,1689815,19.81
6669,緯穎,12288106.0,12037937,15985847,2.07,-23.13,50724446,55538144,-8.66
8114,振樺電子,760945.0,834802,674500,-8.84,12.81,3048845,2910500,4.75
8163,達方電子,1592856.0,1400740,1630248,13.71,-2.29,5615881,5630990,-0.26
8210,勤誠興業,496898.0,560397,460959,-11.33,7.79,2057346,1850366,11.18
9912,偉聯,48495.0,49545,46576,-2.11,4.12,190267,229935,-17.25
2323,中環,607090.0,641719,697781,-5.39,-12.99,2440094,2663063,-8.37
2340,光磊,426442.0,432841,430039,-1.47,-0.83,1576483,1741368,-9.46
2349,錸德科技,612660.0,720158,819731,-14.92,-25.26,2653967,3120929,-14.96
2374,佳能,628431.0,727459,823476,-13.61,-23.68,2573204,2727955,-5.67
2393,億光電子,1732781.0,1805126,1937981,-4.00,-10.58,6853745,8206362,-16.48
2406,國碩科技,683229.0,855031,934381,-20.09,-26.87,2924246,3747582,-21.96
2409,友達,20987887.0,24389239,24476733,-13.94,-14.25,87692872,98921281,-11.35
2426,鼎元,198532.0,198270,274617,0.13,-27.70,764930,1080762,-29.22
2438,翔耀實業,38900.0,37623,44817,3.39,-13.20,144109,164459,-12.37
2448,晶電,1516703.0,1424656,1665243,6.46,-8.92,5270156,6813103,-22.64
2466,冠西電,312286.0,227317,227017,37.37,37.56,1016086,716468,41.81
2486,一詮精密,334005.0,280537,393675,19.05,-15.15,1149326,1408186,-18.38
2489,瑞軒,1224854.0,1178780,1115719,3.90,9.78,4112595,3672067,11.99
2491,吉祥全,24044.0,24710,30808,-2.69,-21.95,109133,120256,-9.24
2499,東貝光電,406611.0,442042,449019,-8.01,-9.44,1586516,1754893,-9.59
3008,大立光,5008700.0,3925899,3471413,27.58,44.28,14832205,12348806,20.11
3019,亞洲光學,1630457.0,1509033,1591799,8.04,2.42,5738439,5663553,1.32
3024,憶聲電子,92253.0,137155,131100,-32.73,-29.63,442733,513150,-13.72
3031,佰鴻工業,139899.0,162851,131711,-14.09,6.21,523702,535555,-2.21
3038,全台,309619.0,317345,215083,-2.43,43.95,1200600,919762,30.53
3049,和鑫,379408.0,388233,199714,-2.27,89.97,1239039,891511,38.98
3050,鈺德科技,69001.0,73965,65882,-6.71,4.73,287098,246176,16.62
3051,力特光電,223366.0,201547,178301,10.82,25.27,800209,732498,9.24
3059,華晶科技,512755.0,525160,988197,-2.36,-48.11,2236708,3324510,-32.72
3149,正達國際,224011.0,247360,338618,-9.43,-33.84,940739,1146136,-17.92
3356,奇偶科技,103585.0,124822,134499,-17.01,-22.98,461663,474494,-2.70
3383,新世紀,57653.0,59389,95351,-2.92,-39.53,218491,343803,-36.44
3406,玉晶光,533385.0,465998,515556,14.46,3.45,1645596,2300293,-28.46
3437,榮創,266562.0,229529,337857,16.13,-21.10,1083101,1403592,-22.83
3454,晶睿,666205.0,631548,410982,5.48,62.10,2378374,1514592,57.03
3481,群創光電,20856003.0,20573991,19699466,1.37,5.87,80780026,86462952,-6.57
3504,揚明光學,402475.0,520873,499807,-22.73,-19.47,1658811,1692134,-1.96
3535,晶彩科,323903.0,303091,88083,6.86,267.72,1111048,398020,179.14
3557,嘉威,11710.0,7607,1025,53.93,1042.43,27558,5742,379.93
3563,牧德,254013.0,252096,210639,0.76,20.59,924696,776087,19.14
3576,聯合再生,2025311.0,1696947,823150,19.35,146.04,6326379,3337528,89.55
3591,艾笛森,206510.0,195871,204305,5.43,1.07,850143,894741,-4.98
3622,洋華,41924.0,38549,31156,8.75,34.56,180122,183549,-1.86
3669,圓展,177863.0,163789,148363,8.59,19.88,642266,553685,15.99
3698,隆達,815899.0,704534,992363,15.80,-17.78,2983505,3640586,-18.04
4934,太極能源,179959.0,188022,461752,-4.28,-61.02,691597,1243136,-44.36
4942,嘉彰,575562.0,618743,531024,-6.97,8.38,2415111,1864816,29.50
4956,光鋐,105303.0,123888,106103,-15.00,-0.75,402342,375989,7.00
4960,誠美材,1330542.0,1411773,875766,-5.75,51.92,5354869,3375409,58.64
4976,佳凌,127387.0,130349,137250,-2.27,-7.18,472090,526651,-10.35
5234,達興材料,379947.0,380451,349237,-0.13,8.79,1501886,1387187,8.26
5259,奕智博,-2.0,237,22185,-100.84,-100.00,4891,71213,-93.13
5484,慧友電子,23551.0,26149,34663,-9.93,-32.05,102714,129124,-20.45
6116,彩晶,1383842.0,1206234,1383100,14.72,0.05,4646294,5825755,-20.24
6120,達運,1284528.0,1476824,1688491,-13.02,-23.92,5577001,6400383,-12.86
6131,悠克國際,7719.0,-13108,-66683,158.88,111.57,-1135,-128786,99.11
6164,華興電子,91661.0,83316,128968,10.01,-28.92,319261,401147,-20.41
6168,宏齊科技,160781.0,208838,257869,-23.01,-37.65,785168,1056008,-25.64
6176,瑞儀光電,4540683.0,5289512,3197488,-14.15,42.00,19399552,14416695,34.56
6209,今國光學,264510.0,260346,254416,1.59,3.96,1034729,1005465,2.91
6225,天瀚,838.0,713,618,17.53,35.59,3433,1586,116.45
6226,光鼎電子,81194.0,107677,70244,-24.59,15.58,322876,472816,-31.71
6278,台表科,3005272.0,2764602,2051758,8.70,46.47,11453761,8065739,42.00
6289,華上光電,10034.0,10016,19721,0.17,-49.12,40309,88769,-54.59
6405,悅城科技,42324.0,42492,91803,-0.39,-53.89,153979,307957,-49.99
6443,元晶,316081.0,456679,384158,-30.78,-17.72,1532280,1747900,-12.33
6477,安集,178179.0,270015,117408,-34.01,51.76,696810,592306,17.64
6668,中揚光,72303.0,132887,81678,-45.59,-11.47,337838,292135,15.64
8104,錸寶,130970.0,170244,200491,-23.06,-34.67,631912,757432,-16.57
8105,凌巨,820022.0,758669,830369,8.08,-1.24,2755474,3333467,-17.33
8215,明基材料,1167411.0,1121316,972778,4.11,20.00,4559222,3932730,15.93
2314,台揚科技,501179.0,501322,589772,-0.02,-15.02,2187627,2234205,-2.08
2321,東訊,158920.0,162036,187791,-1.92,-15.37,605247,779911,-22.39
2332,友訊科技,1282075.0,1559065,1680991,-17.76,-23.73,5483064,6648516,-17.52
2345,智邦科技,4533144.0,4360282,2499746,3.96,81.34,15701700,11603402,35.31
2412,中華電,16529913.0,17182716,17307828,-3.79,-4.49,67861074,70940186,-4.34
2419,仲琦,954030.0,690293,627828,38.20,51.95,3540359,2524243,40.25
2439,美律,3361223.0,3380856,1855735,-0.58,81.12,10972757,6205385,76.82
2444,兆勁,103345.0,97550,86943,5.94,18.86,379024,375763,0.86
2450,神腦,2210514.0,2682451,2324404,-17.59,-4.89,9988160,11145230,-10.38
2455,全新,210175.0,192082,189331,9.41,11.00,681482,752210,-9.40
2485,兆赫電子,726978.0,716068,664593,1.52,9.38,2519177,2289758,10.01
2498,宏達電,592648.0,1312752,2099221,-54.85,-71.76,3536274,10887964,-67.52
3025,星通,45505.0,43211,43505,5.30,4.59,141690,139305,1.71
3027,盛達電業,68655.0,67088,58534,2.33,17.29,243930,243858,0.02
3045,台灣大,9676041.0,9929270,9545404,-2.55,1.36,39548714,39851723,-0.76
3047,訊舟科技,448391.0,544118,552741,-17.59,-18.87,2008510,1886282,6.47
3062,建漢科技,424979.0,415487,724149,2.28,-41.31,1934490,2723229,-28.96
3311,閎暉,162441.0,175036,155659,-7.19,4.35,718626,666278,7.85
3380,明泰科技,1155380.0,1220690,1162406,-5.35,-0.60,4371234,5150955,-15.13
3419,譁裕實業,139952.0,120080,180198,16.54,-22.33,482760,619613,-22.08
3596,智易科技,2860060.0,2780396,2107531,2.86,35.70,11870399,6895427,72.14
3682,亞太電信,1091297.0,1153082,1259228,-5.35,-13.33,4565311,4832922,-5.53
3694,海華科技,625451.0,548202,454627,14.09,37.57,2110402,1835621,14.96
3704,合勤控,1712192.0,3408438,1233856,-49.76,38.76,9646171,5197802,85.58
4904,遠傳,6737425.0,7011600,7277474,-3.91,-7.42,27556884,28944034,-4.79
4906,正文,1703180.0,1723637,1278398,-1.18,33.22,6092748,5000000,21.85
5388,中磊電子,2170943.0,2225374,2330702,-2.44,-6.85,8650663,10293968,-15.96
6136,富爾特,74278.0,60492,46801,22.78,58.71,296670,216218,37.20
6142,友勁科技,245606.0,289649,248687,-15.20,-1.23,1000153,948296,5.46
6152,百一電子,342185.0,328170,754150,4.27,-54.62,1223050,2235013,-45.27
6216,居易,77462.0,68839,100520,12.52,-22.93,268820,327086,-17.81
6285,啟�眲鴔�,4600539.0,4930386,4162981,-6.69,10.51,18245579,16149359,12.98
6416,瑞祺電通,238846.0,381496,301617,-37.39,-20.81,1140644,1253826,-9.02
6442,光聖,239220.0,180698,219994,32.38,8.73,866938,798001,8.63
6674,鋐寶科技,243139.0,242254,545838,0.36,-55.45,962131,2171606,-55.69
8011,台通,112849.0,124582,189346,-9.41,-40.40,466651,668041,-30.14
8101,華冠通訊,177522.0,247011,784749,-28.13,-77.37,852255,3279040,-74.00
1471,首利,53522.0,90299,88549,-40.72,-39.55,361667,450444,-19.70
1582,信錦,709673.0,726914,739821,-2.37,-4.07,2713909,2626167,3.34
2059,川湖,365354.0,414329,348229,-11.82,4.91,1514810,1516395,-0.10
2308,台達電,23424926.0,20162935,18269675,16.17,28.21,77527153,69139699,12.13
2313,華通,4036133.0,3699096,3547111,9.11,13.78,14494775,14477240,0.12
2316,楠梓電,434205.0,444847,484053,-2.39,-10.29,1626299,1742007,-6.64
2327,國巨,3251353.0,3515278,4838082,-7.50,-32.79,14642135,15863297,-7.69
2328,廣宇,2110653.0,2048186,2060711,3.04,2.42,7608232,7741997,-1.72
2355,敬鵬,1552545.0,1521850,1870385,2.01,-16.99,6212659,7546681,-17.67
2367,燿華,1863452.0,1727162,1483507,7.89,25.61,6695163,5924729,13.00
2368,金像電,1346241.0,1508154,1688652,-10.73,-20.27,5688256,6367305,-10.66
2375,智寶,429790.0,373719,234662,15.00,83.15,1500765,863642,73.77
2383,台光電子,1995528.0,1828801,1892606,9.11,5.43,7067206,7205011,-1.91
2385,群光電子,6751644.0,7094332,6429137,-4.83,5.01,25929085,24002981,8.02
2392,正崴,6942848.0,6417442,6440903,8.18,7.79,26190495,25414877,3.05
2402,毅嘉科技,521625.0,495180,579772,5.34,-10.02,1933876,2172992,-11.00
2413,環科,277415.0,320404,301104,-13.41,-7.86,1234477,1225146,0.76
2415,錩新,193659.0,183131,191763,5.74,0.98,717930,708880,1.27
2420,新巨,226811.0,219178,219543,3.48,3.31,871923,886370,-1.62
2421,建準電機,874364.0,847754,915443,3.13,-4.48,3312788,3524209,-5.99
2428,興勤電子,429899.0,500571,506313,-14.11,-15.09,1832755,1870385,-2.01
2429,銘旺科,72038.0,74848,93620,-3.75,-23.05,272606,308771,-11.71
2431,聯昌電子,259254.0,231265,225474,12.10,14.98,970574,749413,29.51
2440,太空梭,250751.0,242550,277549,3.38,-9.65,838561,1105861,-24.17
2456,奇力新,1312565.0,1271777,1227703,3.20,6.91,5010120,4302141,16.45
2457,飛宏科技,929754.0,998290,966106,-6.86,-3.76,3675246,3476027,5.73
2460,建通精密,327293.0,340824,335722,-3.97,-2.51,1105370,1266459,-12.71
2462,良得電,364284.0,394967,356471,-7.76,2.19,1346600,1244629,8.19
2467,志聖工業,434928.0,404362,444791,7.55,-2.21,1553998,1750299,-11.21
2472,立隆電子,625069.0,648346,707533,-3.59,-11.65,2266241,2553650,-11.25
2476,鉅祥,412622.0,430478,468188,-4.14,-11.86,1635805,1685053,-2.92
2478,大毅,371632.0,383111,442083,-2.99,-15.93,1420533,1519535,-6.51
2483,百容,151044.0,161049,181445,-6.21,-16.75,602632,670760,-10.15
2484,希華,182620.0,195376,241264,-6.52,-24.30,734084,926286,-20.74
2492,華新科,2832540.0,2808608,3129186,0.85,-9.47,11152423,9840170,13.33
2493,揚博科技,233781.0,201193,207811,16.19,12.49,820395,792539,3.51
3003,健和興,261032.0,338764,324906,-22.94,-19.65,1101679,1100556,0.10
3011,今皓,91791.0,112253,117943,-18.22,-22.17,420757,394128,6.75
3015,全漢,1176667.0,1148465,1248789,2.45,-5.77,4310818,4641712,-7.12
3021,鴻名企業,217968.0,201036,189977,8.42,14.73,786217,716783,9.68
3023,信邦電子,1588031.0,1520619,1284709,4.43,23.61,5642596,4820907,17.04
3026,禾伸堂,1201544.0,1143042,1307325,5.11,-8.09,4232832,4661202,-9.19
3032,偉訓科技,580374.0,656376,674490,-11.57,-13.95,2450482,2486924,-1.46
3037,欣興電子,6323970.0,5958509,5674671,6.13,11.44,23596848,22235855,6.12
3042,晶技,606764.0,583733,590767,3.94,2.70,2229704,2460063,-9.36
3044,健鼎科技,4284289.0,3910124,4056725,9.56,5.60,16344290,15584293,4.87
3058,立德電子,404061.0,385447,425688,4.82,-5.08,1501752,1509706,-0.52
3090,日電貿,770002.0,654883,951101,17.57,-19.04,2876242,3535525,-18.64
3229,晟鈦,43242.0,35035,42402,23.42,1.98,139965,161555,-13.36
3296,勝德國際,293499.0,228877,271892,28.23,7.94,883948,731409,20.85
3308,聯德電子,63901.0,44055,68498,45.04,-6.71,175162,245860,-28.75
3321,同泰電子,231544.0,240732,174080,-3.81,33.01,862663,759108,13.64
3338,泰碩電子,375989.0,375214,221999,0.20,69.36,1305596,946715,37.90
3376,新日興,894366.0,774463,680253,15.48,31.47,3010049,2537256,18.63
3432,台端,4372.0,7505,9916,-41.74,-55.90,24691,39127,-36.89
3501,維熹科技,440838.0,423453,413562,4.10,6.59,1589131,1539386,3.23
3533,嘉澤端子,1250343.0,1129435,1000877,10.70,24.92,4505337,3740809,20.43
3550,聯穎,307839.0,303826,366788,1.32,-16.07,1091790,1332967,-18.09
3593,力銘,54133.0,78452,56146,-30.99,-3.58,206270,237272,-13.06
3605,宏致,539552.0,526702,550323,2.43,-1.95,2068706,2063195,0.26
3607,谷崧,413535.0,447416,464957,-7.57,-11.05,1627364,1801262,-9.65
3645,達邁,160238.0,134806,192074,18.86,-16.57,559574,745308,-24.92
3653,健策,392317.0,416276,386909,-5.75,1.39,1664256,1445397,15.14
3679,新至陞,365957.0,249074,310629,46.92,17.81,1003975,1132849,-11.37
4545,銘鈺,198391.0,133441,138193,48.67,43.56,582097,568198,2.44
4915,致伸,5016543.0,5261868,4585973,-4.66,9.38,18657677,16462053,13.33
4989,榮科,254940.0,255601,206838,-0.25,23.25,969626,1093779,-11.35
4999,鑫禾,137270.0,154106,211419,-10.92,-35.07,566438,698962,-18.96
5469,瀚宇博德,3475011.0,3317529,3688608,4.74,-5.79,12964906,13171639,-1.56
6108,競國實業,633178.0,641114,747519,-1.23,-15.29,2500314,2957591,-15.46
6115,鎰勝,600050.0,569461,705436,5.37,-14.93,2174420,2305220,-5.67
6133,金橋科技,94804.0,93245,91938,1.67,3.11,344806,313842,9.86
6141,柏承科技,300783.0,253798,327467,18.51,-8.14,992171,1255037,-20.94
6153,嘉聯益,1432565.0,1314635,891483,8.97,60.69,5052329,3935158,28.38
6155,鈞寶,41746.0,54477,62858,-23.36,-33.58,185106,225626,-17.95
6165,捷泰精密,153.0,205,794,-25.36,-80.73,1000,3123,-67.97
6191,精成科技,1819769.0,1675568,1983235,8.60,-8.24,6584198,6704170,-1.78
6197,佳必琪,297352.0,282794,257886,5.14,15.30,1058655,951058,11.31
6205,詮欣,106399.0,100308,143709,6.07,-25.96,433348,515140,-15.87
6213,聯茂,1968906.0,1932820,1943693,1.86,1.29,7262395,7636039,-4.89
6224,聚鼎,118154.0,109504,155150,7.89,-23.84,418450,556507,-24.80
6251,定穎電子,983909.0,1038070,1012879,-5.21,-2.86,4025010,3807581,5.71
6269,台郡科技,1614412.0,1464508,1521692,10.23,6.09,5955141,6984920,-14.74
6282,康舒,1868702.0,2003866,1584517,-6.74,17.93,7008267,5341437,31.20
6412,群光電能,2613835.0,2697376,2256775,-3.09,15.82,9843242,8494852,15.87
6449,鈺邦科技,157115.0,139806,214364,12.38,-26.70,517471,826311,-37.37
8039,台虹科技,682455.0,531140,696570,28.48,-2.02,2055156,2696156,-23.77
8046,南電,2339693.0,2183680,2198990,7.14,6.39,8619509,8374885,2.92
8103,瀚荃,279893.0,269921,239149,3.69,17.03,964605,929782,3.74
8213,志超,1919922.0,1773665,1897728,8.24,1.16,7092362,7194798,-1.42
8249,菱光科技,342504.0,367580,369897,-6.82,-7.40,1363173,1341222,1.63
2347,聯強國際,25523676.0,28922815,27382553,-11.75,-6.78,106856796,116705421,-8.43
2414,精技電腦,1358392.0,1607609,1220618,-15.50,11.28,5558896,5196842,6.96
2430,燦坤實業,1619836.0,1410972,1719010,14.80,-5.76,6506375,7289181,-10.73
2459,敦吉,666166.0,633381,822331,5.17,-18.99,2392428,2771929,-13.69
3010,華立,4464438.0,4442052,4456151,0.50,0.18,16530318,16096313,2.69
3028,增你強,2131550.0,2226541,2922829,-4.26,-27.07,8625056,9880062,-12.70
3033,威健,3901108.0,3967361,4246449,-1.66,-8.13,14410748,17653969,-18.37
3036,文曄科技,24649113.0,22644495,16765946,8.85,47.01,92123320,66400947,38.73
3048,益登,7013758.0,5959384,5922006,17.69,18.43,24502886,24614354,-0.45
3055,蔚華科技,162136.0,317650,303035,-48.95,-46.49,841318,986770,-14.74
3209,全科,2829571.0,2481157,2499678,14.04,13.19,10819488,9472141,14.22
3312,弘憶國際,978694.0,897020,703842,9.10,39.05,3460801,2763864,25.21
3528,安馳科技,349865.0,343514,404659,1.84,-13.54,1269120,1448289,-12.37
3702,大聯大,41050777.0,40732306,46552431,0.78,-11.81,152882719,169961746,-10.04
5434,崇越科技,2386422.0,2604464,2317849,-8.37,2.95,9486008,8757525,8.31
6189,豐藝電子,1931011.0,1778894,1532529,8.55,26.00,6757305,6092837,10.90
6281,全國電,1626938.0,1137498,1438910,43.02,13.06,5558006,5546461,0.20
8070,長華電材,1191791.0,1195402,1327609,-0.30,-10.23,4657464,5232138,-10.98
8072,陞泰,48651.0,67914,83003,-28.36,-41.38,229038,322654,-29.01
8112,至上電子,9690160.0,7594880,10839328,27.58,-10.60,30594557,37023313,-17.36
2427,三商電腦,176784.0,223230,194665,-20.80,-9.18,771978,1062385,-27.33
2453,凌群,646292.0,316744,337616,104.04,91.42,1594855,1363655,16.95
2468,華經,171278.0,169755,136535,0.89,25.44,562474,477191,17.87
2471,資通,56173.0,60780,46625,-7.57,20.47,218153,179390,21.60
2480,敦陽科技,311642.0,443369,274728,-29.71,13.43,1704272,1578558,7.96
3029,零壹科技,734396.0,811287,403071,-9.47,82.20,2831769,1909260,48.31
3130,一零四,143953.0,149585,127574,-3.76,12.83,521395,494692,5.39
4994,傳奇,223779.0,227329,96226,-1.56,132.55,1039529,283309,266.92
5203,訊連,126150.0,122799,150102,2.72,-15.95,453483,530417,-14.50
6112,聚碩,1047522.0,1020263,873903,2.67,19.86,4014917,3583971,12.02
6183,關貿,119440.0,135633,108239,-11.93,10.34,487100,439158,10.91
6214,精誠資訊,1904088.0,1657261,1434856,14.89,32.70,6844732,5579041,22.68
2312,金寶電子,10737759.0,11108802,9552382,-3.34,12.40,44692894,38161300,17.11
2317,鴻海,379786358.0,376604602,343987825,0.84,10.40,1436118502,1371564549,4.70
2354,鴻準,5977002.0,5818340,10458637,2.72,-42.85,18865341,44793323,-57.88
2359,所羅門,328754.0,376862,412393,-12.76,-20.28,1303359,1307511,-0.31
2360,致茂電子,1069364.0,979940,1327680,9.12,-19.45,3811760,4793834,-20.48
2373,震旦行,1159112.0,1105627,1215293,4.83,-4.62,4421887,4501627,-1.77
2390,云辰,49395.0,51688,59816,-4.43,-17.42,222688,226263,-1.58
2404,漢唐,1872468.0,1983942,1139018,-5.61,64.39,8560169,4117827,107.88
2423,固緯,203413.0,252546,207350,-19.45,-1.89,796215,742388,7.25
2433,互盛電,364789.0,352643,330746,3.44,10.29,1422522,1287074,10.52
2461,光群雷射,393259.0,488195,442738,-19.44,-11.17,1611914,1697434,-5.03
2464,盟立,1155860.0,1139360,1182469,1.44,-2.25,4548455,4600337,-1.12
2474,可成科技,4318484.0,7448163,6601495,-42.01,-34.58,20122784,27007649,-25.49
2477,美隆電,379227.0,325726,303055,16.42,25.13,1139732,1008171,13.04
2482,連宇,84091.0,78774,75925,6.74,10.75,310467,308463,0.64
2488,漢平,225377.0,187955,163295,19.91,38.01,749223,572593,30.84
2495,普安,94197.0,100992,100477,-6.72,-6.25,416858,400273,4.14
3018,同開科技,97785.0,152214,206663,-35.75,-52.68,402758,462921,-12.99
3030,德律科技,371602.0,307517,347240,20.83,7.01,1347961,1411588,-4.50
3043,科風,81395.0,137604,67040,-40.84,21.41,373516,297184,25.68
3305,昇貿科技,375875.0,439664,482649,-14.50,-22.12,1623123,1881122,-13.71
3450,聯鈞,488238.0,531348,651033,-8.11,-25.00,1943138,2382688,-18.44
3518,柏騰科技,48494.0,38640,47381,25.50,2.34,163323,182456,-10.48
3617,碩天科技,784438.0,776563,626929,1.01,25.12,2756124,2375517,16.02
6139,亞翔工程,1383882.0,1085511,2088750,27.48,-33.74,6065959,8093362,-25.05
6192,巨路國際,531071.0,532005,429668,-0.17,23.60,1995760,1713865,16.44
6196,帆宣科技,2032569.0,1670175,1869404,21.69,8.72,7785627,7418452,4.94
6201,亞弘電,288256.0,250815,240366,14.92,19.92,1098902,946624,16.08
6215,和椿科技,129177.0,111550,134070,15.80,-3.64,445793,479779,-7.08
6283,淳安電子,96379.0,91370,68045,5.48,41.64,330529,263320,25.52
6409,旭隼,1173731.0,1028165,882493,14.15,33.00,4028267,3399181,18.50
6558,興能高,196292.0,144963,119784,35.40,63.87,632978,439364,44.06
8021,尖點,251234.0,224522,261338,11.89,-3.86,906435,1041876,-12.99
8201,無敵,88683.0,75459,63542,17.52,39.56,438016,521758,-16.04
2616,山隆通運,1589410.0,1482627,1479262,7.20,7.44,5792891,5815540,-0.38
6505,台塑石化,52533769.0,54845592,59178326,-4.21,-11.22,221650402,241255276,-8.12
8926,台汽電,248131.0,187465,292410,32.36,-15.14,790662,1066283,-25.84
9908,大台北,381565.0,412504,354628,-7.50,7.59,1564221,1446074,8.17
9918,欣天然,212750.0,242806,210985,-12.37,0.83,912885,910377,0.27
9926,新海瓦斯,228526.0,231462,187121,-1.26,22.12,906170,843271,7.45
9931,欣高,123887.0,150247,146983,-17.54,-15.71,533234,608392,-12.35
9937,全國,1948965.0,1882480,1792612,3.53,8.72,7330404,7028584,4.29
1316,上曜,48168.0,48353,121862,-0.38,-60.47,182412,886078,-79.41
1436,華友聯,40703.0,144524,149357,-71.83,-72.74,545869,780805,-30.08
1438,裕豐,1.0,2,3,-50.00,-66.66,6,4,50.00
1442,名軒,47969.0,38097,126042,25.91,-61.94,207937,608274,-65.81
1805,寶徠,10542.0,4,1834,263450.00,474.80,26585,48001,-44.61
1808,潤隆,254481.0,323649,835333,-21.37,-69.53,1099699,5909791,-81.39
2501,國建,1731716.0,570990,1004231,203.28,72.44,3582605,3593453,-0.30
2504,國產,1727259.0,1616490,1565489,6.85,10.33,5940584,5649818,5.14
2505,國揚實業,53858.0,28709,427,87.59,12513.11,141257,83187,69.80
2506,太設,89231.0,52689,117664,69.35,-24.16,257924,302900,-14.84
2509,全坤建,59173.0,304508,101147,-80.56,-41.49,853761,741916,15.07
2511,太子,1017576.0,1031576,648067,-1.35,57.01,3927232,2588622,51.71
2515,中工,1033423.0,1122303,940232,-7.91,9.91,4357233,3490669,24.82
2516,新建,568263.0,537159,523621,5.79,8.52,2346975,2221877,5.63
2520,冠德,1527583.0,846365,810597,80.48,88.45,4563928,2974986,53.41
2524,京城,382052.0,762181,163164,-49.87,134.15,1459757,1241996,17.53
2527,宏璟,356418.0,218126,10323,63.40,3352.65,996554,42696,2234.06
2528,皇普建設,3096.0,2458,0,25.95,,5823,211792,-97.25
2530,華建,706.0,634,656,11.35,7.62,4633,254730,-98.18
2534,宏盛,145572.0,335560,950889,-56.61,-84.69,1252890,4588593,-72.69
2535,達工,889346.0,805361,1264943,10.42,-29.69,3173444,4772299,-33.50
2536,宏普建設,116102.0,78833,136655,47.27,-15.04,424297,1114364,-61.92
2537,聯上開發,45682.0,136069,27284,-66.42,67.43,282510,1183282,-76.12
2538,基泰建設,11562.0,11966,11337,-3.37,1.98,46912,45340,3.46
2539,櫻花建設,959824.0,82670,73,1061.03,1314727.39,1140214,366608,211.01
2540,愛山林,155793.0,143683,93073,8.42,67.38,474759,466865,1.69
2542,興富發,1628741.0,4392815,2253783,-62.92,-27.73,10608553,12877424,-17.61
2543,皇昌營造,473278.0,424581,417198,11.46,13.44,1577442,1324201,19.12
2545,皇翔,266604.0,273142,76253,-2.39,249.63,793846,606311,30.93
2546,根基,1034828.0,820518,968137,26.11,6.88,3766593,3395688,10.92
2547,日勝,406997.0,466003,1634784,-12.66,-75.10,1804423,5490006,-67.13
2548,華固建設,113814.0,264578,386493,-56.98,-70.55,1076465,1142539,-5.78
2597,潤弘精密,858993.0,766115,699729,12.12,22.76,2783112,2635646,5.59
2841,台灣土地,27895.0,28751,18948,-2.97,47.21,118719,87372,35.87
3052,夆典,85914.0,151698,124426,-43.36,-30.95,425741,516965,-17.64
3056,總太地產,21973.0,20438,105041,7.51,-79.08,67125,1500904,-95.52
3266,昇陽建設,113323.0,69922,346802,62.07,-67.32,303809,860158,-64.67
3703,欣陸投控,2448419.0,1668477,1718484,46.74,42.47,7415268,8295710,-10.61
5515,建國工程,678541.0,594199,627835,14.19,8.07,2138268,2107758,1.44
5519,隆大營建,823923.0,303002,93976,171.91,776.73,1565528,481634,225.04
5521,工信,391333.0,360727,274698,8.48,42.45,1201954,962159,24.92
5522,遠雄建設,780448.0,4146668,1558140,-81.17,-49.91,6923896,5945811,16.44
5525,順天建設,183786.0,118402,67379,55.22,172.76,937142,421858,122.14
5531,鄉林建設,189243.0,354287,477514,-46.58,-60.36,996392,1266979,-21.35
5533,皇鼎建設,126440.0,153368,83382,-17.55,51.63,593706,762561,-22.14
5534,長虹,412782.0,727674,662606,-43.27,-37.70,3191160,7719931,-58.66
6177,達麗,477885.0,3434197,68541,-86.08,597.22,3975243,238305,1568.13
9906,欣巴巴,12.0,11,33735,9.09,-99.96,45,168406,-99.97
9946,三發地產,480697.0,296639,84392,62.04,469.60,1975689,384618,413.67
2208,台船公司,953307.0,1122618,1089687,-15.08,-12.51,4124784,3972143,3.84
2603,長榮海運,15309434.0,14554888,12535774,5.18,22.12,60956997,49305317,23.63
2605,新興,230787.0,303794,210405,-24.03,9.68,1150970,898061,28.16
2606,裕民,633461.0,684351,755905,-7.43,-16.19,2698617,2937873,-8.14
2607,榮運,653365.0,683577,623215,-4.41,4.83,2571237,2494743,3.06
2608,嘉里大榮,939926.0,915346,766353,2.68,22.64,3678674,3302682,11.38
2609,陽明海運,11789274.0,11679177,9759959,0.94,20.79,46865755,40794833,14.88
2610,華航,14277191.0,13762504,14058611,3.73,1.55,54752333,53713456,1.93
2611,志信,76420.0,77707,83364,-1.65,-8.32,292082,295794,-1.25
2612,中航,307542.0,332930,292505,-7.62,5.14,1271472,1143668,11.17
2613,中櫃,231837.0,238764,229090,-2.90,1.19,886702,897352,-1.18
2615,萬海,6014699.0,6124159,5076990,-1.78,18.46,23309560,19995228,16.57
2617,台航,260323.0,259449,279221,0.33,-6.76,1009123,1076475,-6.25
2618,長榮航空,15637518.0,14797969,14103464,5.67,10.87,59950245,56981786,5.20
2630,亞洲航空,339774.0,337631,137840,0.63,146.49,1225278,552691,121.69
2633,台灣高鐵,4054767.0,3981561,3943891,1.83,2.81,15816957,14982890,5.56
2634,漢翔公司,2231607.0,2436989,2095960,-8.42,6.47,8304704,8292864,0.14
2636,台驊投控,931237.0,922955,864213,0.89,7.75,3512026,3306872,6.20
2642,宅配通,289573.0,270667,262506,6.98,10.31,1185074,1122192,5.60
5607,遠雄港,143987.0,148602,137568,-3.10,4.66,561895,538763,4.29
5608,四維航業,310030.0,322184,330972,-3.77,-6.32,1273677,1274597,-0.07
8367,建新國際,147979.0,118757,150176,24.60,-1.46,515366,514012,0.26
2701,萬企,29890.0,29493,31411,1.34,-4.84,114379,122291,-6.46
2702,華園,97973.0,114452,92243,-14.39,6.21,381066,376285,1.27
2704,國賓,211493.0,249825,224043,-15.34,-5.60,1016301,1029474,-1.27
2705,六福,166083.0,172536,272982,-3.74,-39.15,671256,1043714,-35.68
2706,第一店,28575.0,29926,26431,-4.51,8.11,113659,106567,6.65
2707,晶華酒店,478596.0,507013,512696,-5.60,-6.65,2159720,2223027,-2.84
2712,遠雄來,28008.0,22413,32282,24.96,-13.23,114531,79402,44.24
2722,夏都,60216.0,53883,57076,11.75,5.50,229047,171389,33.64
2727,王品,1203309.0,1342704,1295927,-10.38,-7.14,5415794,5374758,0.76
2731,雄獅旅遊,2491970.0,2693361,3044496,-7.47,-18.14,9725649,9792623,-0.68
2739,寒舍餐旅,322324.0,372161,320778,-13.39,0.48,1483596,1436665,3.26
2748,雲品,172042.0,207335,111196,-17.02,54.71,826514,525862,57.17
5706,鳳凰旅遊,281503.0,150836,268379,86.62,4.89,799483,755270,5.85
8462,柏文,289118.0,287452,219851,0.57,31.50,1126094,853061,32.00
8940,新天地,80110.0,148735,77416,-46.13,3.47,631990,580201,8.92
9943,好樂迪,221376.0,233240,237384,-5.08,-6.74,1042806,1030742,1.17
2801,彰化銀行,2526622.0,2609787,2737038,-3.18,-7.68,10579370,10559902,0.18
2809,京城銀行,659955.0,777262,275419,-15.09,139.61,3255987,2240184,45.34
2812,台中銀行,984909.0,1008408,907065,-2.33,8.58,4041340,3606522,12.05
2816,旺旺保險,660303.0,697224,637868,-5.29,3.51,2678221,2508245,6.77
2820,華票,177951.0,177582,168655,0.20,5.51,679215,666176,1.95
2823,中壽,32223818.0,29572559,24542295,8.96,31.29,124592175,97852926,27.32
2832,台產,414952.0,424935,417375,-2.34,-0.58,1712076,1641504,4.29
2834,臺灣企銀,1863720.0,1958700,1785393,-4.84,4.38,7998575,7557033,5.84
2836,高銀,362610.0,299695,279097,20.99,29.92,1304046,1177474,10.74
2838,聯邦銀行,1088932.0,1123261,1016464,-3.05,7.12,4524601,4012391,12.76
2845,遠東商銀,917136.0,1100061,906535,-16.62,1.16,4041145,3447136,17.23
2849,安泰銀行,581060.0,590781,554219,-1.64,4.84,2171762,2136581,1.64
2850,新產,1254117.0,1215359,1142575,3.18,9.76,5006045,4987339,0.37
2851,中再保,1352146.0,1346849,1160163,0.39,16.54,5532854,5051099,9.53
2852,第一保,245322.0,556162,531239,-55.89,-53.82,1997156,2126901,-6.10
2855,統一證券,639164.0,693991,250540,-7.90,155.11,2748454,1526405,80.06
2867,三商美邦,12842861.0,17589293,12650850,-26.98,1.51,63321622,60853728,4.05
2880,華南金,3847213.0,4239989,3568251,-9.26,7.81,16003662,14486824,10.47
2881,富邦金,35599414.0,27271092,36125019,30.53,-1.45,144863328,148301756,-2.31
2882,國泰金,52261520.0,52142558,54886096,0.22,-4.78,177347601,175924302,0.80
2883,開發金,23529250.0,20890073,18512625,12.63,27.09,91460313,76469346,19.60
2884,玉山金控,4335471.0,4559702,3968722,-4.91,9.24,17806062,16403986,8.54
2885,元大金,8688309.0,8159465,8544705,6.48,1.68,33703380,32669129,3.16
2886,兆豐金,5156077.0,5726868,4566358,-9.96,12.91,21843188,19764588,10.51
2887,台新金控,3517536.0,3672876,3333455,-4.22,5.52,14593809,13443695,8.55
2888,新光金,22580675.0,18831809,20320265,19.90,11.12,90545057,91035645,-0.53
2889,國票金控,476438.0,631756,412166,-24.58,15.59,2109354,1906648,10.63
2890,永豐金控,2804741.0,3105586,2746914,-9.68,2.10,12562501,10871095,15.55
2891,中信金,21299701.0,23930085,21909860,-10.99,-2.78,101699625,98019355,3.75
2892,第一金控,4769698.0,5593567,4932023,-14.72,-3.29,20388406,20022762,1.82
2897,王道銀行,760355.0,739702,651942,2.79,16.62,2986571,2454176,21.69
5876,上海商銀,3407998.0,3281629,2745398,3.85,24.13,12932276,11071726,16.80
5880,合庫金,3860556.0,4064276,3486921,-5.01,10.71,16026785,15824921,1.27
6005,群益證,507649.0,580606,595385,-12.56,-14.73,2311565,3426505,-32.53
6024,群益期,151788.0,165555,213005,-8.31,-28.73,611782,1318037,-53.58
1432,大魯閣實業,98458.0,115421,68125,-14.69,44.52,414904,269986,53.67
2601,益航,615802.0,714226,599884,-13.78,2.65,2753165,2631774,4.61
2614,東森,199844.0,246451,1273195,-18.91,-84.30,888906,5193881,-82.88
2901,欣欣大眾,10802.0,10488,10750,2.99,0.48,42887,43377,-1.12
2903,遠百,3040550.0,3155910,3151116,-3.65,-3.50,12266408,12493827,-1.82
2905,三商,16725922.0,20166595,9533325,-17.06,75.44,81783366,74687589,9.50
2906,高林實,632884.0,579356,553245,9.23,14.39,2371845,2214408,7.10
2908,特力,2957761.0,3016548,2955347,-1.94,0.08,12836594,13303201,-3.50
2910,統領,34299.0,34478,30593,-0.51,12.11,137745,152222,-9.51
2911,麗嬰房,409675.0,460857,506179,-11.10,-19.06,1802928,2154108,-16.30
2912,統一超,20686276.0,20707681,19706059,-0.10,4.97,81771672,78653804,3.96
2913,台灣農林,25860.0,25382,22261,1.88,16.16,100481,85978,16.86
2915,潤泰全球,285873.0,262084,379475,9.07,-24.66,1154922,6777798,-82.96
8443,阿瘦,110823.0,115334,127866,-3.91,-13.32,515991,564090,-8.52
8454,富邦媒,3744437.0,3914174,3094828,-4.33,20.99,15480064,13278637,16.57
1435,中福國際,1787.0,1755,3025,1.82,-40.92,7151,12134,-41.06
1437,勤益投控,42797.0,46061,45443,-7.08,-5.82,237573,222124,6.95
1516,川飛,79371.0,16980,17789,367.43,346.18,140293,217518,-35.50
2062,橋椿,550520.0,570666,555682,-3.53,-0.92,2153800,2176611,-1.04
2348,海悅,75256.0,65472,76926,14.94,-2.17,267602,307264,-12.90
2358,廷鑫,120358.0,154669,170398,-22.18,-29.36,445451,565951,-21.29
2443,新利虹,146980.0,61553,92162,138.78,59.48,369681,393733,-6.10
2496,卓越成功,74330.0,82604,80315,-10.01,-7.45,289058,301702,-4.19
2514,龍邦國際,627857.0,549176,9878,14.32,6256.11,1195245,34871,3327.61
2904,匯僑,42889.0,42431,39225,1.07,9.34,170377,140935,20.89
3040,遠見,14615.0,12420,14792,17.67,-1.19,61558,59000,4.33
4536,拓凱,683787.0,504945,610943,35.41,11.92,2318902,2158356,7.43
6184,大豐電,167638.0,169638,161602,-1.17,3.73,673242,642796,4.73
6464,台數科,234607.0,238862,263642,-1.78,-11.01,949643,981103,-3.20
6504,南六,542493.0,561676,536240,-3.41,1.16,2150183,2181852,-1.45
6581,鋼聯,279522.0,92917,387939,200.82,-27.94,667564,739865,-9.77
6625,必應,53566.0,61754,138112,-13.25,-61.21,299853,322154,-6.92
6655,科定,216087.0,221454,195328,-2.42,10.62,708345,633202,11.86
6670,復盛應用,1009085.0,1408730,1366820,-28.36,-26.17,5220643,5582495,-6.48
8033,雷虎科技,62705.0,80041,78711,-21.65,-20.33,270846,307524,-11.92
8341,日友,173006.0,152274,176139,13.61,-1.77,715675,661685,8.15
8422,可寧衛,240340.0,214353,308365,12.12,-22.05,920774,1209787,-23.88
8463,潤泰精材,254904.0,263914,196012,-3.41,30.04,980501,829264,18.23
8464,億豐,1989071.0,1818744,1761981,9.36,12.88,7166741,6444014,11.21
8473,山林水,385832.0,351454,309171,9.78,24.79,1473905,1319746,11.68
8478,東哥遊艇,148040.0,217913,65957,-32.06,124.44,399579,693328,-42.36
8481,政伸,83664.0,113591,87365,-26.34,-4.23,366832,349995,4.81
8497,格威傳媒,280620.0,317570,316375,-11.63,-11.30,1054102,1049213,0.46
9902,台火,19883.0,6793,1629,192.69,1120.56,42123,19821,112.51
9904,寶成工業,27181998.0,27254605,25123738,-0.26,8.19,103810840,92438421,12.30
9905,大華金,653645.0,685941,650100,-4.70,0.54,2601178,2339738,11.17
9907,統一實業,2566659.0,2948467,3181391,-12.94,-19.32,10343942,11334453,-8.73
9910,豐泰企業,5773712.0,6039076,5003154,-4.39,15.40,22686550,19823955,14.44
9911,台灣櫻花,452698.0,426629,376215,6.11,20.32,1833893,1820176,0.75
9914,美利達,2580055.0,1829575,1900118,41.01,35.78,8155917,7663119,6.43
9917,中保,1095636.0,1111802,1070052,-1.45,2.39,4406962,4345680,1.41
9919,康那香,285506.0,344096,275139,-17.02,3.76,1309397,1198310,9.27
9921,巨大機械,5780125.0,5771694,4960388,0.14,16.52,20417030,18909709,7.97
9924,台灣福興,834254.0,736942,706276,13.20,18.12,2825064,2558307,10.42
9925,新光保全,586064.0,584218,566588,0.31,3.43,2341221,2294944,2.01
9927,泰銘,771395.0,727657,972635,6.01,-20.69,2888619,3586414,-19.45
9928,中視,67369.0,45356,61508,48.53,9.52,217908,230190,-5.33
9929,秋雨,95497.0,97329,56232,-1.88,69.82,395075,238184,65.86
9930,中聯資源,777131.0,789969,773191,-1.62,0.50,3180322,2891526,9.98
9933,中鼎工程,4458911.0,5391153,4423229,-17.29,0.80,18171369,18963811,-4.17
9934,成霖企業,1528779.0,1473379,1514493,3.76,0.94,5816763,5869125,-0.89
9935,慶豐富,561754.0,413397,351595,35.88,59.77,1687958,1163938,45.02
9938,台灣百和,1292121.0,1732884,1056965,-25.43,22.24,5636050,3946341,42.81
9939,宏全,1969196.0,1969231,1757402,-0.00,12.05,6935702,6402634,8.32
9940,信義,1164314.0,1397031,878438,-16.65,32.54,4296729,3341510,28.58
9941,裕融企業,2243533.0,2129670,1863684,5.34,20.38,8439743,7299616,15.61
9942,茂順,289685.0,265779,284830,8.99,1.70,1011287,1071115,-5.58
9944,新麗企業,292992.0,330005,314539,-11.21,-6.85,1116241,1146308,-2.62
9945,潤泰創新,1456816.0,1352660,1106449,7.70,31.66,5053095,4190518,20.58
9955,佳龍,114448.0,145706,209261,-21.45,-45.30,554238,625411,-11.38
全部國內上市公司合計,2510691635,2551613605.0,2395473176,-1.60,4.80,9742608542,9552629157,1.98,
